cell_id,cluster
AAACGGGCAAGCCCAC-1,3
AAACGGGGTCTGATTG-1,3
AAACGGGTCAGGATCT-1,2
AAAGATGGTAAGCACG-1,3
AAAGATGTCCTCAACC-1,3
AAAGCAAAGTAATCCC-1,2
AAAGCAATCATAAAGG-1,2
AAAGTAGAGCTGGAAC-1,2
AAAGTAGGTACCGTAT-1,0
AAATGCCAGTAGCCGA-1,2
AAATGCCTCTTGCCGT-1,2
AACCGCGAGCTACCTA-1,1
AACGTTGAGCGTCTAT-1,2
AACTCCCCACCGATAT-1,3
AACTCCCTCTTTAGGG-1,1
AAGACCTGTGCGAAAC-1,1
AAGACCTGTGTGGCTC-1,0
AAGGAGCCAAGACGTG-1,0
AAGGAGCCACCTCGTT-1,2
AAGGCAGCAACTGCGC-1,2
AAGGCAGCAATACGCT-1,2
AAGGCAGTCGAATGCT-1,2
AAGGTTCTCATTGCCC-1,2
AAGTCTGTCAACGCTA-1,3
ACACCAACACGCATCG-1,2
ACACCCTCATTCCTGC-1,1
ACACTGATCGCTTGTC-1,0
ACACTGATCGGCGCAT-1,1
ACAGCTATCTTCTGGC-1,2
ACATACGGTCAGAATA-1,2
ACATCAGGTTTGCATG-1,2
ACATCAGTCCTTAATC-1,0
ACCAGTAGTCTTGCGG-1,1
ACCAGTATCCACGCAG-1,1
ACCCACTGTATTCTCT-1,0
ACCGTAAAGAAGATTC-1,2
ACCGTAACACAACGTT-1,2
ACCGTAATCTAACTGG-1,2
ACCTTTAAGATCGGGT-1,1
ACCTTTAAGGCGCTCT-1,2
ACCTTTAGTACGCACC-1,2
ACCTTTATCTGATTCT-1,2
ACGAGGACATCCCACT-1,1
ACGATACTCTTCGGTC-1,1
ACGCCAGTCATACGGT-1,3
ACGCCGACACTAGTAC-1,1
ACGGAGACATATACGC-1,2
ACGGGTCGTGTAATGA-1,2
ACGTCAAAGGCTCATT-1,1
ACGTCAATCGTTACGA-1,2
ACTATCTAGCTGGAAC-1,1
ACTGAACGTGCACGAA-1,1
ACTGAGTCAATCCGAT-1,0
ACTGCTCAGACTCGGA-1,1
ACTTACTCAGGCAGTA-1,1
ACTTGTTTCGTCCAGG-1,0
AGAATAGCACCGCTAG-1,1
AGATCTGGTGCTTCTC-1,1
AGATTGCAGCTGTTCA-1,2
AGCAGCCAGGAGTCTG-1,2
AGCATACAGCTAAACA-1,3
AGCATACCAAATCCGT-1,0
AGCATACGTGAAATCA-1,2
AGCATACTCGCGCCAA-1,0
AGCGGTCGTAGCGATG-1,0
AGCGGTCGTCGCATCG-1,2
AGCGGTCGTCTTCTCG-1,3
AGCGTCGGTAGCGTGA-1,3
AGCTCTCAGTGGTCCC-1,1
AGCTTGATCATCGATG-1,2
AGGGAGTGTTGGTAAA-1,1
AGGGATGAGGTGTGGT-1,2
AGGGATGCACGAAGCA-1,1
AGGTCATCACAAGACG-1,2
AGGTCCGGTCTAAAGA-1,1
AGTAGTCAGACTGGGT-1,2
AGTAGTCCAGGACCCT-1,3
AGTGAGGAGACTAGGC-1,1
AGTGAGGGTTGGACCC-1,2
AGTTGGTTCGGACAAG-1,2
ATAGACCGTAAGAGGA-1,1
ATCATCTGTTAAGATG-1,0
ATCATCTTCAGCGATT-1,1
ATCATCTTCCAGTAGT-1,0
ATCCACCAGACTGTAA-1,1
ATCTACTTCTTAGCCC-1,2
ATGAGGGCATGTCGAT-1,2
ATGCGATAGGGAGTAA-1,2
ATGCGATGTAGCAAAT-1,3
ATGGGAGAGGGCTTGA-1,2
ATGGGAGCAGCTCGCA-1,2
ATTGGTGTCAGGCGAA-1,2
ATTTCTGGTGGCGAAT-1,2
CAACCTCCAAGGCTCC-1,2
CAACTAGTCCAAACAC-1,2
CACAAACAGTCCTCCT-1,3
CACAAACGTCAGAAGC-1,1
CACAAACTCTTAGAGC-1,2
CACACCTAGCGAAGGG-1,2
CACATAGAGATACACA-1,2
CACATAGAGTTTCCTT-1,3
CACATAGGTCTCACCT-1,2
CACATTTCACAGACTT-1,2
CACCACTCAGTATCTG-1,1
CACCACTGTTGTTTGG-1,0
CACCAGGAGACTGGGT-1,2
CACCAGGCAGCTTAAC-1,1
CAGAATCAGGGATACC-1,0
CAGCAGCGTATATGAG-1,3
CAGCAGCGTTTGGGCC-1,0
CAGCCGAAGTGCGTGA-1,1
CAGCCGACAGGGATTG-1,3
CAGCCGAGTACAGACG-1,2
CAGCTAAGTGCACCAC-1,1
CAGCTAATCTGAGGGA-1,2
CAGTAACGTATGGTTC-1,3
CAGTCCTTCTCCAGGG-1,1
CATATTCAGACCTAGG-1,2
CATCAGAAGCACACAG-1,1
CATCAGAAGGTCATCT-1,2
CATCGAATCGCATGGC-1,2
CATCGAATCTTGTATC-1,2
CATGACACATACCATG-1,1
CATGACAGTCATCCCT-1,1
CATGGCGTCTCATTCA-1,2
CATTCGCCACAGACTT-1,3
CCACGGACATTACCTT-1,1
CCACTACTCGGTTAAC-1,3
CCAGCGACAGGTCCAC-1,2
CCCAATCAGATAGCAT-1,2
CCCAATCCAATCAGAA-1,2
CCCAATCCACGGATAG-1,1
CCCAGTTTCTCGCATC-1,0
CCGGGATTCCCTTGTG-1,2
CCGTTCAAGACTAGAT-1,2
CCGTTCATCTGCAAGT-1,2
CCTACACCACCGATAT-1,2
CCTACCACAGATAATG-1,2
CCTAGCTAGGCATGGT-1,1
CCTATTACATCCAACA-1,1
CCTATTAGTCGTCTTC-1,3
CCTCTGAGTACATCCA-1,2
CCTTACGAGAACTCGG-1,1
CCTTACGGTTGTACAC-1,1
CGAACATGTCGAGATG-1,2
CGAATGTCAGCGTAAG-1,2
CGACCTTAGTCCGGTC-1,2
CGAGAAGGTCAAGCGA-1,3
CGATGGCCAGCCAATT-1,0
CGATGTATCAAACAAG-1,2
CGATTGAAGAAGAAGC-1,2
CGCGTTTCAATGGAAT-1,3
CGCGTTTTCACCCGAG-1,2
CGCTGGATCTTGACGA-1,1
CGCTTCAGTTCTGGTA-1,1
CGGACTGCATGCAACT-1,1
CGGACTGGTATGGTTC-1,2
CGGACTGGTGCGAAAC-1,2
CGGAGCTTCAACGGGA-1,0
CGGGTCATCTGGCGTG-1,2
CGTCACTGTTGATTCG-1,0
CGTCACTTCCCTCAGT-1,1
CGTCTACCATTCTCAT-1,0
CGTCTACGTGCAACTT-1,2
CGTGAGCGTACGCACC-1,2
CGTGAGCTCGAGGTAG-1,2
CGTGTCTGTTTGTGTG-1,2
CGTGTCTTCGCACTCT-1,2
CTAACTTAGGAGTACC-1,3
CTAAGACGTACCGAGA-1,2
CTAATGGAGACAATAC-1,2
CTAATGGCAATCCGAT-1,2
CTACCCAAGCCAACAG-1,3
CTCATTATCACAACGT-1,2
CTCATTATCGCGATCG-1,2
CTCGGAGGTCGAAAGC-1,1
CTCGTACCATTCGACA-1,2
CTCTAATGTTCGGGCT-1,2
CTGAAACCAGCCAGAA-1,1
CTGCCTACAACGCACC-1,2
CTGCCTATCAGGATCT-1,2
CTGCCTATCCGGGTGT-1,2
CTGCTGTCAACGCACC-1,2
CTGCTGTTCTTCGAGA-1,2
CTGTGCTAGTATTGGA-1,0
CTTAGGACAAGTCTAC-1,3
CTTCTCTAGGAATGGA-1,2
CTTCTCTGTTGAGGTG-1,2
CTTGGCTAGACACGAC-1,0
CTTTGCGAGGTTACCT-1,3
CTTTGCGGTTCCACGG-1,0
GAAATGACACTCGACG-1,0
GAACATCCAGCTTCGG-1,2
GAACGGAAGCGTAGTG-1,2
GAAGCAGGTGTCGCTG-1,1
GAAGCAGGTTCAGGCC-1,2
GAATAAGGTAGCGCTC-1,0
GAATAAGGTTCACGGC-1,2
GAATGAAAGGGCTCTC-1,1
GAATGAACAGCTTAAC-1,0
GACAGAGGTAATCGTC-1,0
GACAGAGTCTGAAAGA-1,1
GACCAATGTTGTCTTT-1,2
GACCTGGAGGATGTAT-1,2
GACGGCTCAAGAGGCT-1,1
GACTAACAGTAGGTGC-1,2
GACTACAAGAGCTTCT-1,0
GACTGCGCATACGCCG-1,2
GAGTCCGAGTCTCGGC-1,2
GATCGCGGTCTCTCTG-1,3
GATGAGGTCGGGAGTA-1,1
GCAAACTAGGGTGTTG-1,2
GCAAACTCACGTTGGC-1,0
GCAAACTCAGACTCGC-1,3
GCAATCAAGTCGAGTG-1,3
GCAATCACAAATCCGT-1,1
GCAATCAGTAGCTAAA-1,1
GCACATAAGGCTCAGA-1,2
GCACATAAGGCTCTTA-1,2
GCACTCTGTTATGCGT-1,2
GCAGCCATCCTATTCA-1,2
GCAGTTAAGGGTGTTG-1,1
GCATACAAGGTGCTTT-1,2
GCATACACAAAGTCAA-1,0
GCATACATCTTTCCTC-1,2
GCATGTAAGCCGGTAA-1,2
GCATGTACAAGAGTCG-1,2
GCATGTAGTCATGCAT-1,2
GCCTCTACAGATAATG-1,2
GCCTCTATCGTTACAG-1,2
GCGAGAACACCCTATC-1,0
GCGCAACGTCATACTG-1,0
GCGCGATTCAATACCG-1,2
GCTCCTAGTATAATGG-1,3
GCTCCTAGTCACACGC-1,0
GCTCTGTTCACATGCA-1,0
GCTGCAGGTGAGGCTA-1,2
GCTGCTTCAGGTCGTC-1,2
GCTGCTTCATGTAGTC-1,2
GCTGGGTAGAAACCAT-1,0
GCTTGAAGTGAGTGAC-1,2
GGAACTTAGCCACGCT-1,2
GGAACTTCAGGGTACA-1,2
GGCAATTCAGATAATG-1,2
GGCGACTGTCCGAAGA-1,3
GGCGTGTTCTCGTTTA-1,1
GGGACCTTCAAACAAG-1,0
GGGAGATCACAGGAGT-1,0
GGGATGACAGATCGGA-1,3
GGGCACTTCAGATAAG-1,3
GGGCACTTCTCGCTTG-1,1
GGGCATCCATTAACCG-1,0
GGGTTGCAGCACCGCT-1,3
GGGTTGCAGTCGATAA-1,2
GGGTTGCGTACCGAGA-1,1
GGTATTGCATACTACG-1,1
GGTATTGTCGGTTAAC-1,0
GGTGCGTCAGGTCCAC-1,1
GGTGTTAAGGCCCTCA-1,2
GGTGTTAGTGTCGCTG-1,2
GGTGTTATCAACTCTT-1,2
GTAACTGAGGGCATGT-1,3
GTACGTAAGTGTTAGA-1,2
GTACGTACAGCCAGAA-1,2
GTACTCCTCTGGCGAC-1,2
GTACTTTCAAGTCTAC-1,2
GTAGTCACAGCTGCAC-1,1
GTCAAGTCAGCCTTGG-1,0
GTCAAGTCATTTCAGG-1,2
GTCACGGAGTTGAGTA-1,2
GTCATTTCATTACCTT-1,3
GTCGGGTGTGTTTGGT-1,2
GTCGGGTTCGAGGTAG-1,3
GTCGTAACACATTCGA-1,0
GTCTCGTTCTTATCTG-1,2
GTGAAGGGTATAAACG-1,2
GTGCGGTGTAGGCTGA-1,2
GTGCGGTTCTCCGGTT-1,2
GTGTGCGAGTGACATA-1,0
GTGTTAGGTGCTGTAT-1,2
GTTAAGCAGCCTCGTG-1,2
GTTCTCGAGATCTGAA-1,0
TAAGCGTCATACTACG-1,3
TACACGATCGGTGTTA-1,2
TACCTATCACGGTTTA-1,2
TACCTATCAGGACGTA-1,1
TACCTTATCCCAAGAT-1,2
TACGGATGTCCGAGTC-1,0
TACGGGCAGATAGCAT-1,0
TACGGTAGTTCTGAAC-1,3
TACTTACGTCAGAATA-1,1
TAGAGCTAGACACTAA-1,1
TAGTGGTGTCAAGCGA-1,2
TAGTGGTGTCGCGAAA-1,3
TAGTTGGAGGCGATAC-1,2
TATCTCACAGCAGTTT-1,2
TATGCCCCAAATCCGT-1,1
TATTACCAGCACCGCT-1,3
TCAATCTTCGCATGAT-1,2
TCACAAGGTGCACCAC-1,0
TCACGAAAGCGCTCCA-1,2
TCACGAAAGTCACGCC-1,0
TCACGAATCTGATACG-1,2
TCAGCAATCAGTTTGG-1,0
TCAGGATTCATCTGCC-1,2
TCAGGATTCCTTTACA-1,0
TCATTACCAGACAAAT-1,1
TCATTACTCTGCGACG-1,3
TCATTTGCAGCAGTTT-1,0
TCGAGGCTCCAAACTG-1,2
TCGCGAGGTCTCAACA-1,0
TCGCGTTTCCTGCAGG-1,3
TCGGGACCAGCATACT-1,2
TCGGTAACAGAAGCAC-1,3
TCGGTAAGTGTATGGG-1,3
TCTATTGAGGTTCCTA-1,1
TCTATTGCAAACCCAT-1,3
TCTCTAAAGGCCATAG-1,1
TCTCTAAGTGTAAGTA-1,1
TCTGAGAAGACATAAC-1,0
TCTGGAATCCTGCAGG-1,2
TCTTCGGCAAATTGCC-1,2
TGAAAGATCACGACTA-1,2
TGACAACTCGCGGATC-1,1
TGACGGCTCTCGAGTA-1,1
TGACTAGGTGGTAACG-1,2
TGACTTTGTCTCACCT-1,1
TGATTTCAGATGGGTC-1,0
TGATTTCCACGACTCG-1,2
TGCCAAATCAGCTTAG-1,0
TGCCAAATCGGGAGTA-1,2
TGCGCAGTCGTTACGA-1,1
TGCTGCTAGCCGGTAA-1,0
TGGGAAGGTATATCCG-1,2
TGGTTAGCAAGTACCT-1,0
TGTATTCGTACTCAAC-1,1
TGTCCCAAGCGATAGC-1,2
TGTGGTAGTTCTGGTA-1,0
TGTGTTTGTGCCTTGG-1,2
TGTTCCGAGCTATGCT-1,2
TTAGTTCTCCTTAATC-1,1
TTCCCAGCACGGCCAT-1,1
TTCGAAGGTACTCGCG-1,2
TTCGGTCTCTTGCATT-1,0
TTCTACACAGTCGATT-1,2
TTCTCAACAGTCAGCC-1,0
TTCTCCTGTAATAGCA-1,0
TTGCCGTTCAGCAACT-1,1
TTGCCGTTCGGCGCTA-1,2
TTGCGTCTCACTTATC-1,2
TTTATGCCACTGTGTA-1,0
TTTCCTCCACGAAAGC-1,1
TTTGGTTAGGATGGAA-1,0
TTTGGTTCACCGATAT-1,2
TTTGTCAAGAGATGAG-1,2
TTTGTCAAGGGCATGT-1,2
TTTGTCAGTTACCAGT-1,2
AAACCTGCATACAGCT-2,2
AAACCTGGTTCCAACA-2,2
AAACCTGTCTTGTCAT-2,2
AAAGATGCATGAAGTA-2,1
AAAGATGGTTAAGGGC-2,1
AAAGCAAAGTCATCCA-2,3
AAAGTAGGTGTAACGG-2,2
AAAGTAGTCTCAACTT-2,0
AACGTTGAGATCCCAT-2,2
AACGTTGTCACAGTAC-2,0
AACTCCCGTTGGTTTG-2,2
AACTTTCGTCTAAAGA-2,2
AAGCCGCAGCTATGCT-2,2
AAGCCGCCAAACGTGG-2,2
AAGCCGCTCTGCGTAA-2,1
AAGGAGCTCAAAGACA-2,3
AAGTCTGAGCTAACTC-2,2
AAGTCTGCATGGGACA-2,2
AATCCAGTCCGAAGAG-2,2
ACACCCTGTAGCGATG-2,1
ACACCCTTCCTTGCCA-2,0
ACAGCCGTCTAACGGT-2,0
ACAGCTAGTTAGATGA-2,2
ACCAGTACAAGTAATG-2,3
ACCCACTTCCTTCAAT-2,0
ACCTTTAGTATTCTCT-2,2
ACGAGGACAAACTGTC-2,0
ACGAGGATCGTCGTTC-2,3
ACGATGTCATGGTCAT-2,2
ACGCAGCTCCCTAACC-2,1
ACGCCAGGTGTTCTTT-2,2
ACGCCGACAAACCTAC-2,0
ACGCCGACAAATCCGT-2,3
ACGGAGATCCGCAAGC-2,2
ACGGCCAGTGAAGGCT-2,2
ACGGGCTAGCTGTCTA-2,2
ACGGGCTTCACGCGGT-2,0
ACTATCTAGATGAGAG-2,3
ACTATCTGTAAGAGGA-2,1
ACTATCTGTCTAGAGG-2,1
ACTGAGTGTAGCGTGA-2,2
ACTGATGCATTACCTT-2,2
ACTGTCCCATGAACCT-2,3
ACTGTCCGTCAGATAA-2,0
ACTTGTTTCTGGCGAC-2,2
ACTTTCAAGCGATTCT-2,1
ACTTTCACACGCGAAA-2,2
ACTTTCACATTGGTAC-2,2
ACTTTCATCACTCTTA-2,2
AGAATAGGTCTTCAAG-2,2
AGAATAGGTTCTGAAC-2,3
AGAATAGTCAGTACGT-2,3
AGACGTTAGCGTCTAT-2,2
AGACGTTTCCTAGTGA-2,3
AGAGCGAGTAGCACGA-2,3
AGAGCGATCGCGCCAA-2,0
AGAGTGGCAAGGACAC-2,2
AGATTGCTCTTTACGT-2,3
AGCAGCCGTCCCTACT-2,2
AGCATACTCTGCTGTC-2,2
AGCGGTCTCGTAGGTT-2,2
AGCGTCGCATACTACG-2,2
AGCTTGACAGATCGGA-2,2
AGCTTGATCAGAGACG-2,0
AGGCCGTCACATAACC-2,2
AGGGAGTCAGCCTATA-2,2
AGGGTGATCTTCGGTC-2,0
AGGTCATCAAACCTAC-2,0
AGGTCATGTAATAGCA-2,2
AGGTCATGTCGAATCT-2,0
AGGTCCGCAGGAATCG-2,2
AGGTCCGTCCTTTCGG-2,2
AGTGAGGCAGACAAGC-2,3
AGTGAGGGTACCGTTA-2,1
AGTGAGGTCGTTTAGG-2,2
ATCATGGCACTAAGTC-2,2
ATCCACCAGACCACGA-2,3
ATCCACCCATCACCCT-2,2
ATCCACCTCGTCCAGG-2,2
ATCCGAAGTGTGTGCC-2,2
ATCGAGTGTGGCCCTA-2,2
ATCGAGTTCGTGGTCG-2,1
ATCTACTGTAGGGACT-2,0
ATCTGCCAGACAAAGG-2,2
ATCTGCCGTACGACCC-2,0
ATGAGGGCAATTGCTG-2,0
ATGGGAGTCGAATCCA-2,1
ATGTGTGCAGCTCCGA-2,0
ATGTGTGCAGGGTTAG-2,0
ATGTGTGTCTCTTGAT-2,1
ATTACTCGTAGGGACT-2,0
ATTATCCGTGCGAAAC-2,3
ATTTCTGGTAGCGCTC-2,0
CAAGATCCACGAGAGT-2,2
CAAGATCCAGGGTACA-2,3
CAAGTTGTCTGAGGGA-2,2
CACACCTAGAGTCTGG-2,0
CACACTCTCGAATGCT-2,0
CACATTTTCACTTCAT-2,2
CACCACTAGCAGATCG-2,0
CACCACTTCAATCTCT-2,2
CACCAGGCAAGCTGGA-2,0
CAGAATCGTGGCAAAC-2,3
CAGCAGCCAAAGGCGT-2,2
CAGCTAAAGTAGTGCG-2,0
CAGCTGGAGCCCAATT-2,1
CAGCTGGCACATCTTT-2,0
CAGCTGGCATTGTGCA-2,2
CAGCTGGGTTGGACCC-2,0
CAGGTGCCAAACGTGG-2,2
CAGGTGCCACGAGAGT-2,2
CAGTCCTAGATCCCAT-2,2
CATATGGCATTGAGCT-2,2
CATCAAGCATCGGAAG-2,2
CATCAGATCCCTTGCA-2,2
CATCCACAGGCCCGTT-2,0
CATGCCTGTAGTACCT-2,0
CATGGCGTCCACGAAT-2,0
CATTATCTCGGTCTAA-2,3
CCACGGAAGACTGGGT-2,2
CCACGGATCAACCAAC-2,0
CCACTACAGACATAAC-2,2
CCACTACAGCAGATCG-2,1
CCACTACTCATCGCTC-2,3
CCAGCGAGTTATGTGC-2,1
CCAGCGATCTGGCGAC-2,1
CCATGTCCAATAACGA-2,2
CCATGTCTCGGTCTAA-2,2
CCATTCGGTTGGTAAA-2,0
CCCAATCTCCGGGTGT-2,2
CCCAGTTTCACTCTTA-2,0
CCCTCCTAGTTTCCTT-2,2
CCCTCCTTCTTGTCAT-2,0
CCGGGATCATGGAATA-2,1
CCGGGATGTGGCCCTA-2,2
CCGGTAGAGATCTGCT-2,2
CCGTACTAGGCATTGG-2,3
CCGTACTCACGGACAA-2,2
CCGTACTTCCGCGTTT-2,3
CCGTTCAAGGATGCGT-2,2
CCGTTCAGTTAGTGGG-2,1
CCTATTAGTGCGGTAA-2,0
CCTCTGATCTTACCTA-2,2
CCTTCCCAGGAGTTTA-2,2
CCTTCCCCATCGACGC-2,3
CCTTCGACACCAACCG-2,2
CCTTCGAGTCTTTCAT-2,2
CCTTCGATCGTGGGAA-2,3
CGAACATTCCACTCCA-2,2
CGACTTCTCACCCGAG-2,2
CGAGCACTCTCTAGGA-2,3
CGAGCCAAGCCCAACC-2,2
CGATGGCCATGCTGGC-2,0
CGATGTAAGGAGTTGC-2,2
CGCCAAGCAGGATTGG-2,1
CGCGTTTGTGCACGAA-2,3
CGCTGGAGTGGAAAGA-2,3
CGCTTCAGTCACTGGC-2,2
CGGACGTAGAAACGAG-2,0
CGGACGTGTGCCTGTG-2,0
CGGACTGGTCATACTG-2,2
CGGACTGGTGAAATCA-2,2
CGGAGCTAGAACTGTA-2,0
CGGAGCTCAGTATGCT-2,2
CGGAGCTGTCTCACCT-2,3
CGGAGCTGTTCGTCTC-2,2
CGGCTAGCAAACCCAT-2,2
CGGGTCAAGGAATGGA-2,2
CGGGTCAGTGCCTGGT-2,2
CGGTTAATCACTATTC-2,3
CGTAGCGAGCCTTGAT-2,3
CGTAGGCGTACTTAGC-2,2
CGTAGGCGTTCATGGT-2,2
CGTCAGGGTAAAGGAG-2,2
CGTCAGGTCACCACCT-2,1
CGTCAGGTCTACCTGC-2,2
CGTCTACTCACTTATC-2,1
CGTCTACTCTTTACGT-2,0
CGTGTCTAGCCGTCGT-2,2
CGTTCTGAGTTCGCAT-2,3
CGTTCTGTCAGCTCGG-2,0
CGTTGGGGTGCAGTAG-2,2
CTAACTTGTGCCTGGT-2,3
CTAAGACAGGCATGGT-2,1
CTAAGACTCTCGATGA-2,2
CTAATGGCACATCCGG-2,2
CTAATGGTCCGTCAAA-2,2
CTACACCCAGTTTACG-2,2
CTACATTAGATCCCAT-2,2
CTACATTTCCGTCATC-2,0
CTACGTCCACAACTGT-2,2
CTACGTCGTTCAACCA-2,0
CTAGTGAGTCGCATCG-2,2
CTAGTGAGTCTCCATC-2,2
CTCCTAGCAAGCGCTC-2,2
CTCCTAGGTAGCCTAT-2,1
CTCCTAGGTCTGCAAT-2,2
CTCGAAAAGTGACATA-2,1
CTCGAAAGTCTAACGT-2,1
CTCGAAATCCTTCAAT-2,1
CTCGAGGAGTATTGGA-2,3
CTCGGAGGTTACGCGC-2,3
CTCGGGACAGTCAGAG-2,2
CTCGTACCAGTAAGCG-2,1
CTCGTACGTTATCACG-2,2
CTCTAATGTCCGAGTC-2,1
CTCTAATTCTGGTATG-2,0
CTCTACGAGCCGCCTA-2,1
CTCTACGTCACCTCGT-2,2
CTCTGGTAGTCTTGCA-2,3
CTGAAACAGTTGAGTA-2,3
CTGAAACGTCCGTGAC-2,1
CTGAAGTAGTACTTGC-2,0
CTGCCTAGTCCCTTGT-2,2
CTGCGGATCCGGCACA-2,2
CTGCGGATCGTGTAGT-2,2
CTGCTGTCACAACGTT-2,2
CTGCTGTCATGATCCA-2,1
CTGCTGTGTTGGTAAA-2,0
CTTAACTTCCTTTACA-2,2
CTTACCGTCCCAAGTA-2,2
CTTACCGTCTAACCGA-2,3
CTTCTCTTCTCTTATG-2,1
CTTTGCGCACATCCGG-2,0
CTTTGCGTCACTTCAT-2,2
GAAACTCTCATTTGGG-2,0
GAAATGAGTATGAAAC-2,2
GAAATGAGTCGCATAT-2,0
GAACATCAGCTAACAA-2,0
GAACATCTCAGAGACG-2,3
GAACATCTCAGAGGTG-2,0
GAACCTATCGTCTGAA-2,2
GAACGGACAGTGAGTG-2,3
GAACGGAGTGTCCTCT-2,2
GAATAAGCAGAGTGTG-2,2
GAATGAACATGGTCTA-2,1
GACCAATGTCATACTG-2,0
GACCAATTCATGTCTT-2,1
GACCTGGGTCGTCTTC-2,0
GACGCGTAGCGAGAAA-2,0
GACGCGTAGGGCATGT-2,3
GACGCGTGTGCACGAA-2,0
GACGGCTGTAGCACGA-2,0
GACGGCTGTGGTTTCA-2,2
GACGTGCCATGAAGTA-2,3
GACGTTACACGAAGCA-2,2
GACGTTAGTAAATACG-2,2
GACGTTATCTTGTTTG-2,2
GACTACACAATCACAC-2,2
GACTACACAGTACACT-2,2
GACTACAGTTCAGTAC-2,2
GACTACATCCAGAGGA-2,3
GACTACATCCTAAGTG-2,3
GAGGTGACACCAGGCT-2,2
GAGTCCGTCAATACCG-2,0
GATCGATAGCTGAAAT-2,3
GATGAAAAGCTGCGAA-2,2
GATGAGGAGACAGAGA-2,0
GATGAGGAGGTAGCCA-2,0
GATGAGGAGTCCTCCT-2,2
GATGCTACAGGTTTCA-2,1
GATGCTAGTAGCCTCG-2,2
GCAAACTGTCTGGTCG-2,1
GCAGCCAAGCCACTAT-2,3
GCAGCCAGTAACGTTC-2,0
GCATGCGGTACCGAGA-2,2
GCATGCGGTTCTGGTA-2,1
GCCTCTAGTCGCTTCT-2,1
GCGACCATCTATCCCG-2,3
GCGAGAATCACCATAG-2,2
GCGAGAATCGTTGACA-2,2
GCGCAGTAGGCATGTG-2,2
GCGCCAAGTCCAGTGC-2,0
GCGCGATTCCACGACG-2,2
GCTCCTAAGATGCCTT-2,1
GCTCCTAAGCCTTGAT-2,3
GCTCCTACATCTGGTA-2,2
GCTCCTATCCTATTCA-2,2
GCTCTGTAGTGTACGG-2,1
GCTGCGACAACACCCG-2,2
GCTGCGACACCACGTG-2,3
GCTGCTTCAGGTTTCA-2,2
GCTTCCACATGGTAGG-2,2
GCTTGAAAGTGCCATT-2,2
GGACAGAAGAGACGAA-2,2
GGACATTAGATCGGGT-2,2
GGATTACGTCTTGTCC-2,0
GGCAATTCACTTAAGC-2,1
GGCAATTTCGCGATCG-2,3
GGCCGATCATCATCCC-2,2
GGCCGATTCTCTAGGA-2,2
GGCGTGTTCCTCGCAT-2,1
GGCTGGTGTTCCCTTG-2,1
GGGAATGCAGACGCCT-2,2
GGGAATGGTCAACATC-2,2
GGGAATGGTCTCATCC-2,2
GGGAATGTCATGCAAC-2,1
GGGACCTCATGCCTAA-2,2
GGGACCTGTCTAGCCG-2,0
GGGAGATTCGGTGTTA-2,2
GGGCACTGTGGTAACG-2,1
GGGCACTGTTAAAGTG-2,3
GGGTCTGTCAGCTCGG-2,1
GGGTTGCGTCATATCG-2,3
GGTGCGTCAATGGTCT-2,2
GGTGTTAGTACTCTCC-2,1
GTAACTGTCGTCCAGG-2,2
GTACTCCTCGTTTAGG-2,0
GTACTTTGTTGCGCAC-2,2
GTAGGCCCATTTGCCC-2,2
GTAGTCAAGCAATCTC-2,2
GTATCTTCAATCTACG-2,0
GTATCTTGTTCTGGTA-2,2
GTATTCTAGCGCCTCA-2,2
GTCACGGCAGGACCCT-2,2
GTCATTTCAGAAGCAC-2,2
GTCATTTGTAAGTGGC-2,2
GTCTTCGCATAAGACA-2,1
GTGAAGGGTTCAGACT-2,1
GTGCAGCGTCGCATCG-2,2
GTGCGGTCAGCCACCA-2,1
GTGCGGTCATTGCGGC-2,1
GTGTTAGTCCGTAGGC-2,2
GTGTTAGTCCTGCTTG-2,2
GTTAAGCAGCCGCCTA-2,2
GTTCATTCAATAACGA-2,2
GTTCATTCAGGTCTCG-2,2
GTTCGGGGTGACTCAT-2,0
GTTTCTATCGGTCTAA-2,0
TAAGCGTCATCCGCGA-2,2
TAAGTGCGTCTGCAAT-2,2
TAAGTGCGTTTGCATG-2,2
TAAGTGCTCGTAGGTT-2,3
TACACGACAGCCTGTG-2,2
TACAGTGAGCACCGCT-2,2
TACGGTATCGAACTGT-2,2
TACTTGTCATAGACTC-2,2
TACTTGTCATGACGGA-2,0
TAGGCATAGTGTTGAA-2,1
TAGGCATGTCAGAATA-2,2
TATCAGGAGCCCAGCT-2,2
TATGCCCAGTAGCGGT-2,0
TATTACCGTCAAAGCG-2,0
TCAACGACAAATACAG-2,2
TCAACGATCTGTTTGT-2,2
TCACAAGTCCAAACAC-2,2
TCAGATGAGAATGTGT-2,0
TCAGCTCTCACCAGGC-2,0
TCAGGTAAGTCCATAC-2,0
TCAGGTACAGTATGCT-2,2
TCATTACCATGGTCAT-2,2
TCATTACTCCAGAGGA-2,1
TCATTTGAGAATGTGT-2,2
TCATTTGTCGAGGTAG-2,3
TCGCGTTAGAAAGTGG-2,2
TCGCGTTAGATGAGAG-2,3
TCGCGTTGTTGTGGCC-2,2
TCGGTAACACGGTAAG-2,2
TCGTACCGTACGCACC-2,2
TCGTAGAAGGAGTAGA-2,2
TCGTAGATCATCACCC-2,2
TCTCATAAGATGTCGG-2,1
TCTCATAGTACGACCC-2,2
TCTGGAAAGAGATGAG-2,3
TCTTTCCAGCACACAG-2,2
TGACAACAGTTAACGA-2,0
TGACTAGCACTGTGTA-2,2
TGACTTTCATGTAAGA-2,2
TGAGAGGTCCAAATGC-2,2
TGAGCATAGTTAACGA-2,3
TGAGCCGAGAATAGGG-2,1
TGAGGGAGTACCGTTA-2,3
TGCACCTAGACTGGGT-2,0
TGCCAAAGTCTACCTC-2,2
TGCCCTAAGGTGATTA-2,3
TGCCCTACACCTATCC-2,3
TGCCCTACATCCGGGT-2,2
TGCCCTAGTCGACTGC-2,0
TGCTGCTAGGTGTGGT-2,2
TGGACGCAGAAGGTGA-2,2
TGGACGCGTCTCCATC-2,2
TGGCGCAAGGGTTCCC-2,2
TGGCGCATCGCGGATC-2,0
TGGCTGGGTTAAGACA-2,2
TGGGAAGAGACTAGAT-2,3
TGGGAAGAGCCAGTAG-2,0
TGTCCCATCCAAACTG-2,0
TTAACTCAGTACGTAA-2,2
TTAACTCTCGCTAGCG-2,2
TTAGGACGTGAGGCTA-2,3
TTAGGACTCACCCGAG-2,2
TTAGGCAGTCGCGGTT-2,0
TTAGTTCGTACCGTTA-2,2
TTAGTTCGTGGTTTCA-2,0
TTATGCTCAAAGCAAT-2,0
TTATGCTCATTGGCGC-2,1
TTCGAAGGTCACTGGC-2,2
TTCTACAGTCAACTGT-2,0
TTCTCAACACACAGAG-2,2
TTCTCCTAGACTCGGA-2,1
TTCTCCTAGTTATCGC-2,0
TTCTTAGTCACTTATC-2,2
TTGCGTCCAGGTGCCT-2,3
TTGCGTCCATGATCCA-2,2
TTTACTGCAAGTTAAG-2,0
TTTGGTTCACTGTGTA-2,3
TTTGTCATCGGTCTAA-2,1
AAACGGGCAGCATGAG-3,0
AAACGGGCAGTATAAG-3,2
AAAGTAGGTCGGGTCT-3,2
AAATGCCCACCCATGG-3,0
AAATGCCGTTACAGAA-3,1
AACACGTTCAGCACAT-3,0
AACACGTTCTGCTGCT-3,1
AACCATGGTAAGTGTA-3,3
AACTCTTCATGGTCAT-3,0
AACTCTTTCAACGGGA-3,2
AACTGGTGTTCATGGT-3,0
AACTTTCGTTGCGCAC-3,3
AACTTTCTCTCGTTTA-3,0
AAGACCTGTGGTACAG-3,0
AAGCCGCAGGGTCTCC-3,2
AAGCCGCTCTGACCTC-3,2
AAGGAGCCATCGATGT-3,2
AAGGCAGGTTCCAACA-3,2
AATCGGTAGATATACG-3,2
ACACCAAGTCTGGAGA-3,0
ACACCCTAGTCCGTAT-3,1
ACACCGGAGTTCGCAT-3,2
ACACCGGGTGCTTCTC-3,2
ACACTGAAGGAATCGC-3,0
ACACTGACAAGGTGTG-3,2
ACAGCCGCAGCTTAAC-3,0
ACAGCCGGTGCACCAC-3,0
ACATGGTAGCTAGTTC-3,2
ACCAGTAAGACATAAC-3,2
ACCAGTAAGCCAACAG-3,3
ACCAGTAAGGCTATCT-3,0
ACCAGTAAGTCGCCGT-3,2
ACCGTAAGTTAAGGGC-3,2
ACGAGCCAGGTGTTAA-3,2
ACGAGCCGTCACCTAA-3,2
ACGAGGAGTTAGAACA-3,3
ACGATACCATCTACGA-3,2
ACGATACTCCGTCAAA-3,3
ACGATGTTCCTCATTA-3,2
ACGCAGCTCACCAGGC-3,2
ACGCCAGCAGCATACT-3,1
ACGGCCAAGACTGTAA-3,0
ACGTCAAAGACTGGGT-3,0
ACGTCAATCTTGGGTA-3,1
ACTGAACCAAGTAGTA-3,1
ACTGAGTCACAAGTAA-3,2
ACTGATGAGAGCCCAA-3,0
ACTGATGCATGGAATA-3,0
ACTGATGGTTCAGGCC-3,1
ACTGCTCGTTAAGATG-3,1
ACTGTCCCATTTCACT-3,2
ACTTACTGTTATTCTC-3,2
ACTTGTTAGACTACAA-3,2
ACTTGTTGTAATCACC-3,2
ACTTTCACAATAGCGG-3,0
ACTTTCACATCGATTG-3,1
ACTTTCATCTTGCATT-3,2
AGAATAGCAGCTGCTG-3,2
AGAATAGTCAAGAAGT-3,1
AGACGTTAGCGCTCCA-3,0
AGACGTTCACAGGTTT-3,0
AGAGCTTTCCTGTACC-3,0
AGATCTGGTTCCGGCA-3,0
AGATTGCGTCCGTTAA-3,2
AGCAGCCTCGGATGTT-3,2
AGCCTAAAGCGTTCCG-3,0
AGCCTAAGTCTAGAGG-3,3
AGCCTAAGTGCGATAG-3,2
AGCGGTCCACCGATAT-3,1
AGCGGTCTCGTCCGTT-3,2
AGCTCTCAGATAGTCA-3,2
AGCTCTCCAATAGAGT-3,2
AGCTTGAAGTAACCCT-3,3
AGGCCACCACGAAACG-3,2
AGGCCACTCATCGGAT-3,0
AGGCCACTCGATCCCT-3,2
AGGGATGCAATGCCAT-3,0
AGTAGTCCACCGCTAG-3,3
AGTCTTTAGGATATAC-3,2
AGTCTTTGTGGAAAGA-3,2
AGTGAGGAGCCACTAT-3,2
AGTGGGAGTCATGCAT-3,2
AGTGGGATCGTCCAGG-3,0
AGTGTCAGTCAACTGT-3,2
AGTGTCAGTTACGACT-3,2
AGTGTCAGTTATCCGA-3,1
AGTGTCATCATACGGT-3,2
AGTTGGTAGTCTCCTC-3,2
ATAAGAGAGACAAAGG-3,2
ATAGACCTCTGCTGTC-3,2
ATCACGACAAGCCATT-3,2
ATCCACCGTTCCAACA-3,2
ATCCGAACAACTGGCC-3,0
ATCTACTCATTCGACA-3,0
ATCTGCCGTCTAACGT-3,2
ATGGGAGGTGGTTTCA-3,2
ATGTGTGCACAGGAGT-3,3
ATTATCCTCGATCCCT-3,0
ATTGGTGGTCGCATCG-3,2
ATTGGTGGTGATGTGG-3,0
ATTGGTGGTGCAGACA-3,0
CAACCTCTCTTGACGA-3,0
CAACTAGAGCACAGGT-3,0
CAAGTTGAGTTGCAGG-3,2
CACACCTTCCTTCAAT-3,1
CACACTCAGTACTTGC-3,2
CACACTCCAAAGGAAG-3,2
CACACTCCATTAACCG-3,2
CACACTCGTCGAATCT-3,2
CACACTCTCACTGGGC-3,2
CACAGGCGTAAGTGGC-3,2
CACAGGCGTGCGATAG-3,1
CACAGGCTCAGCTCTC-3,3
CACAGGCTCCTTGGTC-3,3
CACAGGCTCGGTCCGA-3,0
CACAGTACAACTTGAC-3,0
CACATTTGTATCAGTC-3,1
CACATTTTCATGCTCC-3,0
CACCACTTCTTCAACT-3,0
CACTCCAAGTGCAAGC-3,2
CACTCCACATTACGAC-3,1
CAGAGAGCATTGTGCA-3,2
CAGCAGCCAAGACGTG-3,0
CAGCTAAAGTTCGCGC-3,0
CAGCTAAGTGTAACGG-3,0
CAGCTGGTCGCCCTTA-3,0
CAGGTGCGTGGCAAAC-3,1
CAGTAACGTTTCCACC-3,1
CATATGGGTACGCACC-3,3
CATATTCGTTATGTGC-3,2
CATCAAGTCCGTTGCT-3,1
CATCGAAGTAGGGACT-3,2
CATCGGGCAAGTACCT-3,1
CATGACAAGTGGAGTC-3,2
CATGGCGCACATGACT-3,2
CATTATCCACATCCGG-3,0
CATTCGCAGAAACCGC-3,2
CATTCGCGTTATCACG-3,0
CCAATCCAGCCCAATT-3,2
CCAATCCGTTGTGGAG-3,0
CCACCTAGTAGGGTAC-3,2
CCACTACGTCGCGAAA-3,1
CCACTACTCTCCAACC-3,2
CCCAATCTCAACGAAA-3,0
CCCAGTTGTCTTTCAT-3,3
CCGGGATTCAACCATG-3,0
CCGGTAGAGTAATCCC-3,1
CCGTACTAGACTCGGA-3,1
CCGTGGAGTCCAGTGC-3,1
CCGTTCACACTTAAGC-3,2
CCTAAAGGTATAGGGC-3,2
CCTAGCTCAACTGCTA-3,2
CCTAGCTCATCATCCC-3,0
CCTCTGACATCGATTG-3,0
CCTTACGGTTCATGGT-3,1
CCTTCGATCACAATGC-3,0
CGAACATTCCAAGCCG-3,1
CGAATGTAGCCTCGTG-3,3
CGAATGTAGGTCGGAT-3,3
CGAATGTGTCACCCAG-3,1
CGACCTTGTACTCTCC-3,2
CGACCTTTCATGCAAC-3,0
CGACTTCGTTCAACCA-3,2
CGAGCACAGAGTAAGG-3,3
CGAGCACCAGTCTTCC-3,1
CGATCGGTCTGCAAGT-3,2
CGATGTAGTAAATGAC-3,2
CGATGTATCGAGCCCA-3,0
CGATTGAAGAGGTTGC-3,2
CGATTGACAGTCACTA-3,1
CGCCAAGAGGCTAGGT-3,0
CGCCAAGCAAGTTGTC-3,2
CGCTATCAGAGTCTGG-3,3
CGCTATCGTTTAAGCC-3,1
CGCTTCATCAGGATCT-3,2
CGGACACGTAGAGGAA-3,2
CGGACGTAGAGAACAG-3,0
CGGAGCTCAGATGGGT-3,1
CGGCTAGCATGGAATA-3,0
CGGTTAAAGCTCCTTC-3,0
CGGTTAAGTTAGTGGG-3,2
CGTCACTCACGTCTCT-3,2
CGTCACTCATTCCTGC-3,0
CGTCAGGCAGGGTACA-3,0
CGTCAGGGTCAAAGAT-3,2
CGTCAGGGTCCAGTTA-3,0
CGTCCATGTCGAATCT-3,0
CGTTCTGCAACTGCTA-3,1
CGTTCTGCACTTAACG-3,0
CGTTGGGAGTAACCCT-3,0
CTAACTTTCGACAGCC-3,1
CTAAGACAGCGATTCT-3,2
CTAAGACAGGCATGTG-3,2
CTAAGACTCTGCAAGT-3,0
CTAATGGCAATGTTGC-3,0
CTACATTGTCTAGGTT-3,0
CTACCCAGTTCCTCCA-3,0
CTAGAGTGTTCTGTTT-3,0
CTCACACGTGTTAAGA-3,0
CTCAGAAAGGCTATCT-3,2
CTCAGAACACGGATAG-3,2
CTCAGAATCATCGATG-3,2
CTCATTATCCGCGTTT-3,1
CTCCTAGGTCAGATAA-3,0
CTCGAAACACAACGTT-3,0
CTCGGAGAGGTGATTA-3,3
CTCGGGAGTTCGGGCT-3,1
CTCGTACAGTGTACGG-3,0
CTCGTCACACGAAACG-3,2
CTCTGGTCAGCCTTTC-3,2
CTCTGGTTCATGTCCC-3,0
CTGAAACCACATGTGT-3,2
CTGAAGTCATACTACG-3,0
CTGATAGTCGTAGATC-3,2
CTGATCCAGAGTACCG-3,3
CTGATCCGTCCGAGTC-3,3
CTGCGGAGTAGGCTGA-3,2
CTGCGGAGTCACCCAG-3,0
CTGCTGTGTAAGTAGT-3,1
CTGCTGTTCAAACCAC-3,0
CTGGTCTAGGTGTGGT-3,0
CTGGTCTCAAGCGAGT-3,2
CTGGTCTCAATGAAAC-3,2
CTGGTCTGTTAGGGTG-3,0
CTGTGCTCAGTAAGCG-3,1
CTGTGCTTCGCCCTTA-3,0
CTGTTTAAGGCCCGTT-3,2
CTTACCGGTACTCGCG-3,2
CTTACCGTCCTTTCGG-3,2
CTTAGGACAATCGAAA-3,0
CTTAGGAGTCAATACC-3,1
CTTCTCTCATTATCTC-3,2
CTTCTCTTCAACGCTA-3,2
CTTGGCTCAGCTATTG-3,0
CTTGGCTGTATATGAG-3,0
CTTGGCTGTCGCGGTT-3,1
CTTTGCGCATGTTCCC-3,2
GAAACTCTCCGGCACA-3,2
GAACATCGTAATCACC-3,0
GAACCTACAATCCAAC-3,1
GAAGCAGAGCTCCTCT-3,1
GAAGCAGTCAACGCTA-3,0
GAATGAAAGGCTACGA-3,1
GAATGAAAGTCCGTAT-3,0
GACACGCAGAGGACGG-3,2
GACCTGGCATTCCTGC-3,2
GACGCGTCACAAGCCC-3,2
GACGGCTGTAGTAGTA-3,0
GACTACAAGCTCTCGG-3,0
GACTACAAGTCATCCA-3,3
GACTACATCCAGGGCT-3,0
GACTACATCCTTAATC-3,2
GACTGCGGTCAGAGGT-3,2
GACTGCGTCCCTGACT-3,0
GAGGTGACACAGTCGC-3,0
GAGGTGAGTGAAAGAG-3,0
GAGTCCGCAGTAACGG-3,3
GATCAGTAGGGCTTGA-3,0
GATCGCGTCAACCAAC-3,2
GATCTAGCACCAGTTA-3,2
GATGCTACACTGCCAG-3,1
GATGCTATCACTCTTA-3,0
GATTCAGGTTCATGGT-3,0
GCAAACTAGCTGTTCA-3,1
GCAAACTGTGTGACGA-3,0
GCAAACTTCTGTTTGT-3,2
GCAATCAAGGCCCTTG-3,2
GCAGCCAGTCCGTCAG-3,0
GCAGCCATCCGCGTTT-3,2
GCAGTTACATCCGCGA-3,2
GCAGTTAGTACAGACG-3,3
GCAGTTATCCAATGGT-3,1
GCATGATGTAGGAGTC-3,0
GCATGCGAGAGTAAGG-3,2
GCATGCGGTCAGAGGT-3,1
GCATGCGGTTTGTTGG-3,2
GCATGTAGTGCGATAG-3,2
GCGACCAGTAGATTAG-3,0
GCGCAACGTGTAAGTA-3,2
GCGCAGTGTAGGAGTC-3,2
GCGGGTTAGAGGGATA-3,1
GCGGGTTGTTGTCGCG-3,0
GCTCCTAGTGCCTTGG-3,0
GCTGCTTAGATACACA-3,2
GCTGCTTAGATGAGAG-3,2
GCTGCTTAGATGTAAC-3,0
GCTGCTTGTAAGGGAA-3,2
GCTGGGTGTGAAATCA-3,2
GCTGGGTTCCTCATTA-3,2
GGAACTTAGCTAGCCC-3,2
GGAACTTTCCAGTAGT-3,0
GGAATAAGTCCCTACT-3,0
GGACAAGCATAAAGGT-3,2
GGACAGACATCTATGG-3,0
GGAGCAATCCATTCTA-3,2
GGATTACAGCTAACAA-3,0
GGATTACCACAACGTT-3,0
GGATTACGTGCAACTT-3,3
GGCAATTCATACGCCG-3,0
GGCCGATCAAGGTTTC-3,0
GGCGTGTAGAGATGAG-3,0
GGCTCGAAGGTGGGTT-3,0
GGCTCGACACCGCTAG-3,1
GGCTCGATCTCTTATG-3,3
GGGATGATCCTAGTGA-3,0
GGGCATCTCAACACAC-3,1
GGTGAAGAGTGGAGTC-3,2
GGTGAAGGTGTTCGAT-3,2
GGTGCGTGTATAGGGC-3,0
GGTGTTACAAGTTCTG-3,2
GGTGTTAGTGTAATGA-3,2
GTACGTAGTATCTGCA-3,0
GTAGGCCTCTTACCGC-3,0
GTAGTCATCCAGTAGT-3,2
GTATTCTAGCGGATCA-3,2
GTATTCTCAAACTGTC-3,2
GTCAAGTGTGTGACCC-3,2
GTCACAATCACAACGT-3,2
GTCATTTGTGACTCAT-3,1
GTCGGGTGTCTGATTG-3,2
GTCGTAAAGGACAGAA-3,0
GTCGTAACAATCCGAT-3,2
GTCGTAATCCACGTGG-3,0
GTCTCGTGTGTTGGGA-3,0
GTCTCGTTCACGCATA-3,0
GTCTCGTTCTACGAGT-3,0
GTCTTCGGTTGAACTC-3,0
GTCTTCGTCATGCATG-3,0
GTGCAGCGTAGGAGTC-3,2
GTGCGGTCATAGACTC-3,2
GTGCGGTGTCGGGTCT-3,2
GTGCTTCAGATCTGCT-3,2
GTGCTTCAGCGAAGGG-3,1
GTGTTAGTCGTCGTTC-3,1
GTTAAGCGTTTGGGCC-3,2
GTTACAGGTGACAAAT-3,1
GTTCATTCATGGTAGG-3,2
GTTTCTATCAGTACGT-3,0
TAAGCGTCAGCGATCC-3,3
TACCTTACACCGATAT-3,1
TACCTTAGTAACGCGA-3,2
TACGGATGTGTTTGTG-3,0
TACGGGCCAGGCTGAA-3,0
TACGGTACATAAAGGT-3,1
TACTCATGTATGAATG-3,0
TACTTGTGTGCCTGCA-3,0
TACTTGTGTTACCGAT-3,2
TAGACCAAGCACCGCT-3,2
TAGACCATCACTTACT-3,1
TAGAGCTGTGCCTTGG-3,1
TAGCCGGTCCGCGGTA-3,1
TAGGCATAGCGTGAGT-3,0
TAGTGGTGTTCGTTGA-3,2
TAGTTGGCACAGACAG-3,0
TATTACCGTTCGGGCT-3,2
TATTACCTCCTAAGTG-3,2
TCAACGAAGTTGTAGA-3,1
TCAATCTCATTCGACA-3,0
TCAATCTGTAGCGCTC-3,2
TCAATCTTCACGCATA-3,0
TCACAAGAGCAGCGTA-3,1
TCACAAGGTTCTGAAC-3,0
TCACGAAAGAACTCGG-3,2
TCATTTGTCCGTCAAA-3,0
TCCACACCACAGCGTC-3,3
TCCACACGTATAGGGC-3,0
TCGAGGCAGATGAGAG-3,0
TCGAGGCGTTGGTGGA-3,0
TCGGGACGTAAAGTCA-3,2
TCGGGACTCGGTTCGG-3,0
TCTATTGCATACTACG-3,0
TCTATTGTCACAGGCC-3,3
TCTGAGACAATCAGAA-3,0
TCTGAGATCGGTTCGG-3,1
TCTTCGGAGCTAGTCT-3,0
TCTTTCCTCAGTCCCT-3,0
TGAAAGATCTGTCCGT-3,0
TGACAACGTTCGTTGA-3,0
TGACTAGCACACGCTG-3,0
TGACTAGGTGTGACGA-3,1
TGATTTCAGGATATAC-3,2
TGATTTCGTTCCACAA-3,2
TGCCAAAAGAGGTACC-3,0
TGCCCATGTACGCACC-3,1
TGCCCTAAGATCTGCT-3,0
TGCCCTAGTTAGTGGG-3,0
TGCGCAGGTCACTGGC-3,2
TGCGGGTTCCTAGTGA-3,1
TGCGTGGGTTTGTTTC-3,1
TGCGTGGTCCACGTGG-3,0
TGCTACCAGTTAAGTG-3,0
TGCTGCTGTTCGGGCT-3,2
TGGACGCAGAGCCCAA-3,1
TGGACGCCATCACAAC-3,2
TGGACGCGTAATCACC-3,2
TGGCCAGCAACAACCT-3,0
TGGCGCAAGCCAGAAC-3,2
TGGGAAGAGATACACA-3,2
TGGGAAGCACATAACC-3,0
TGGGCGTTCGTTGCCT-3,2
TGTCCCAAGATGTGGC-3,0
TGTCCCAAGTCACGCC-3,2
TGTTCCGAGAAACCGC-3,0
TTAACTCAGTCTCAAC-3,2
TTATGCTAGACTAAGT-3,0
TTCCCAGGTTCGCTAA-3,1
TTCGAAGAGCTGCGAA-3,1
TTCGAAGGTTCAGTAC-3,2
TTCTCAAGTTATCACG-3,0
TTCTCCTAGCTAGGCA-3,1
TTCTTAGGTCTTTCAT-3,1
TTGAACGTCAGCATGT-3,1
TTGACTTCAGCATGAG-3,0
TTGCGTCAGGTACTCT-3,3
TTGCGTCGTCTGGAGA-3,2
TTGGAACAGGGTCGAT-3,0
TTGTAGGAGGTGTTAA-3,0
TTTCCTCGTTGGGACA-3,0
TTTGGTTAGACAGACC-3,0
TTTGGTTGTCTCCCTA-3,2
TTTGTCAAGACGCACA-3,1
AAACCTGGTGTTGGGA-4,1
AAAGATGAGATACACA-4,1
AAAGATGGTTACGACT-4,1
AACGTTGAGGGATACC-4,1
AACTCAGCATAACCTG-4,1
AACTCTTTCTCGGACG-4,1
AAGACCTCATCATCCC-4,1
AAGCCGCAGGATGCGT-4,1
AAGGCAGGTACGCTGC-4,1
AAGGTTCCACGGTAGA-4,1
AAGTCTGCAGGTCCAC-4,0
ACACCAATCGGTCTAA-4,1
ACACCCTAGCGATGAC-4,1
ACCAGTATCCGCATCT-4,0
ACGAGCCCACAGCCCA-4,1
ACGAGCCGTCCAACTA-4,1
ACGAGGAGTAGAAGGA-4,1
ACGATACGTTGAGGTG-4,1
ACGCCAGCAGCTCGCA-4,2
ACGCCAGCAGTCGTGC-4,1
ACGGAGACAGCTGCAC-4,1
ACGGGCTGTACTCTCC-4,0
ACGTCAACACGAAAGC-4,1
ACTATCTTCGGATGGA-4,1
ACTTGTTCATCGATTG-4,0
ACTTTCATCTTGCAAG-4,0
AGACGTTTCGGCGCTA-4,0
AGATCTGCATCATCCC-4,1
AGATCTGGTCTAAAGA-4,1
AGATCTGGTGATGCCC-4,0
AGATTGCCACATTCGA-4,0
AGCGGTCCATGCTGGC-4,3
AGCGTATCAGCTGCTG-4,1
AGCTTGATCAACTCTT-4,2
AGGGAGTCACTTAAGC-4,0
AGGTCATTCAAGGTAA-4,2
AGTGGGATCAGGCAAG-4,1
ATAACGCAGCGCTTAT-4,1
ATAACGCAGCTGTCTA-4,0
ATAAGAGAGAGAACAG-4,1
ATAGACCAGAGTAAGG-4,1
ATCATGGAGACCTTTG-4,1
ATCCACCTCCCTAATT-4,1
ATGGGAGCAAACAACA-4,0
ATGGGAGGTGACTCAT-4,1
CAACCAATCGTGGTCG-4,1
CACACAATCAACACCA-4,1
CACATAGCATGTAGTC-4,0
CACCACTGTAAGGATT-4,1
CACTCCAAGATCCCGC-4,0
CACTCCAGTATTCTCT-4,1
CAGAGAGAGAGAGCTC-4,1
CAGAGAGAGATAGTCA-4,0
CAGATCATCTCTGAGA-4,0
CAGCAGCCACTACAGT-4,1
CAGCCGAAGTGACTCT-4,0
CAGCCGAGTTGGAGGT-4,0
CAGCGACTCGGAAATA-4,1
CAGCTAAAGAAGGGTA-4,1
CAGCTGGAGGTTCCTA-4,0
CAGTAACAGAAGGGTA-4,1
CAGTAACAGACTAAGT-4,1
CAGTAACCACGGTAAG-4,1
CAGTCCTAGGGCATGT-4,1
CAGTCCTCAAGTTCTG-4,0
CATCAGATCCCTTGCA-4,1
CATCCACGTGCTTCTC-4,1
CATCGAATCAGGATCT-4,1
CATGCCTAGACGCAAC-4,1
CATGCCTGTACTTAGC-4,1
CATTATCAGTCCGGTC-4,1
CATTCGCGTAAGGATT-4,1
CCAATCCTCACTTACT-4,1
CCACCTATCCTAGGGC-4,1
CCACGGAGTGTGAATA-4,1
CCATGTCGTTCAACCA-4,1
CCGGTAGGTCTGCAAT-4,1
CCGTACTAGCCACGCT-4,1
CCGTTCACACGCATCG-4,1
CCTAAAGTCCAGATCA-4,1
CCTATTAGTGTGACGA-4,3
CCTCTGATCGAGAGCA-4,1
CCTTACGAGGCGACAT-4,3
CCTTACGTCGAGGTAG-4,0
CCTTTCTCACGTAAGG-4,0
CGAACATAGTAATCCC-4,0
CGAGAAGCATCGTCGG-4,1
CGAGCCAAGTGGAGAA-4,0
CGATCGGCATGTAGTC-4,0
CGATGTACACGGCCAT-4,0
CGATGTATCGCTGATA-4,1
CGCGGTAAGGCTCAGA-4,1
CGCGGTACACGGTGTC-4,1
CGCTATCTCACTTCAT-4,1
CGCTTCACACAGACAG-4,0
CGGACACGTTCAGGCC-4,0
CGTCACTCAGCCTTTC-4,1
CGTCAGGGTTATGTGC-4,3
CGTTAGAAGGATGGTC-4,0
CGTTAGACACGGACAA-4,1
CGTTCTGCAAGCTGAG-4,0
CGTTCTGTCACGCATA-4,1
CGTTGGGAGCAATCTC-4,3
CGTTGGGGTTATCGGT-4,1
CTAACTTCACCCATGG-4,1
CTAAGACCAGGATTGG-4,1
CTACACCGTACCATCA-4,1
CTACGTCTCGGAAATA-4,1
CTAGAGTAGCAATATG-4,1
CTAGCCTCACCCATTC-4,0
CTCAGAAAGGATCGCA-4,0
CTCGGGACAGATGGCA-4,1
CTCGTACCAACGATGG-4,1
CTCGTCACACAACGCC-4,1
CTCGTCACACTTACGA-4,3
CTCTACGTCCATTCTA-4,0
CTCTGGTGTTATTCTC-4,0
CTGAAGTAGAGTAATC-4,1
CTGAAGTCAAGTAGTA-4,1
CTGAAGTCACTGTGTA-4,0
CTGAAGTTCGGCCGAT-4,1
CTGCCTACACGGCGTT-4,1
CTGCCTACATCGGGTC-4,0
CTGCTGTTCTTGCAAG-4,1
CTGTTTATCTGCTGTC-4,1
CTTAGGATCCACTGGG-4,0
GAAACTCCAGCGAACA-4,1
GAAACTCTCCCGACTT-4,1
GAACCTAGTCCGAATT-4,1
GAAGCAGCAGTATGCT-4,1
GAATGAATCCCTAATT-4,0
GACCAATAGTGAAGTT-4,1
GACCTGGAGTCAAGCG-4,1
GACGCGTTCGGTGTCG-4,1
GACGGCTTCGCTTGTC-4,1
GACTAACCAGCTCGAC-4,0
GACTACAGTTCCGTCT-4,3
GATCGCGCAAACTGTC-4,1
GATCGTATCAAAGTAG-4,0
GATGAGGGTCAATGTC-4,1
GCACATACATCGGGTC-4,1
GCACTCTGTGTAAGTA-4,1
GCAGCCACATTTGCCC-4,1
GCATACAAGCTAACTC-4,0
GCATGCGTCTCGTATT-4,0
GCATGTACATGACATC-4,1
GCGACCAAGGACAGCT-4,1
GCGACCAGTCGAGTTT-4,1
GCTCCTAGTATAAACG-4,3
GCTCCTATCCCAGGTG-4,1
GCTCTGTGTTCAGGCC-4,1
GCTGCAGCATGCCCGA-4,0
GCTGCGAAGTCCGTAT-4,3
GCTGCTTAGCACCGCT-4,1
GCTGCTTTCATGGTCA-4,2
GCTGGGTTCGGATGTT-4,0
GCTTGAACACGTAAGG-4,1
GGAATAAGTTAAGTAG-4,1
GGACAGAAGCCCAGCT-4,3
GGCCGATGTACGCACC-4,0
GGCCGATTCAAGATCC-4,1
GGCTCGAGTAGTGAAT-4,1
GGGACCTAGGTTACCT-4,0
GGGACCTTCAGCGATT-4,1
GGGAGATGTACCAGTT-4,1
GGGATGATCGTGGTCG-4,1
GGGCACTAGGGCTTCC-4,1
GGGCACTGTTCGGCAC-4,1
GGGCATCCAGGAATCG-4,0
GGGTTGCTCTGGTGTA-4,0
GTAACGTAGCCCAGCT-4,0
GTCACGGGTGCCTGCA-4,0
GTCCTCAAGAGGGCTT-4,1
GTCCTCAAGTAGTGCG-4,1
GTCCTCATCACTTACT-4,1
GTCGGGTGTGATAAGT-4,0
GTGCAGCTCAATACCG-4,1
GTTAAGCCACTTGGAT-4,1
GTTACAGAGATTACCC-4,1
GTTACAGTCGCCGTGA-4,3
GTTCATTAGGGATGGG-4,1
GTTCTCGTCTGCCCTA-4,0
TAAACCGCATATGCTG-4,0
TAAGAGAGTAGGGTAC-4,1
TACCTTAAGTCAAGGC-4,1
TACGGTATCTTGACGA-4,1
TACTCATTCTTGCAAG-4,3
TACTCGCCAAGCTGTT-4,1
TACTCGCTCGTCTGCT-4,1
TAGCCGGGTGCTGTAT-4,0
TAGGCATCATACTCTT-4,3
TAGTTGGCAGCTGCAC-4,1
TATGCCCAGGCACATG-4,0
TATGCCCTCTACCAGA-4,1
TATTACCGTTCAGGCC-4,1
TATTACCTCGAATGGG-4,1
TCAATCTCACACTGCG-4,1
TCACGAATCCTCAATT-4,1
TCAGCTCAGGTGTTAA-4,3
TCAGGTAGTCTGATTG-4,0
TCGAGGCTCCTGTAGA-4,0
TCGCGAGTCAACCATG-4,0
TCGCGTTAGGTAAACT-4,1
TCGTACCCACTCGACG-4,1
TCGTACCGTAAACACA-4,1
TCGTACCGTGTTCGAT-4,1
TCTATTGAGGCCCGTT-4,1
TCTATTGTCTCAAGTG-4,1
TCTCATATCTCTAGGA-4,1
TCTCTAATCTTGAGGT-4,1
TCTTCGGAGACCACGA-4,3
TGACTTTTCACCGGGT-4,0
TGAGCATAGGACGAAA-4,1
TGAGCCGGTACCTACA-4,3
TGATTTCGTGATGCCC-4,1
TGCACCTTCTCTGAGA-4,1
TGCCAAATCCTATGTT-4,1
TGCCCTAGTTACAGAA-4,0
TGCCCTATCGGCTACG-4,1
TGCTACCCAGGGCATA-4,1
TGCTACCGTTACGACT-4,1
TGGCTGGGTTAAAGAC-4,1
TGTTCCGGTTGATTGC-4,1
TTAGTTCAGGAATCGC-4,3
TTCGGTCTCGACGGAA-4,2
TTCTACATCCTTAATC-4,1
TTCTCAAAGTCTCGGC-4,1
TTCTCAATCATGCTCC-4,1
TTCTCCTAGGACTGGT-4,0
TTCTCCTAGGCGCTCT-4,1
TTGACTTAGTAGATGT-4,1
TTGTAGGGTCGCATCG-4,1
TTGTAGGTCCGTTGTC-4,1
TTTACTGTCCTAGGGC-4,1
TTTACTGTCTGTTGAG-4,1
TTTATGCAGAGGGATA-4,0
TTTCCTCCAATCTACG-4,1
TTTCCTCCACGGCCAT-4,1
TTTGTCATCATTTGGG-4,1
AAACGGGCAAGGTGTG-5,2
AAAGTAGAGTTCGCGC-5,1
AAAGTAGCACGACTCG-5,1
AACCGCGGTACAGACG-5,0
AACGTTGGTGTGACCC-5,1
AACGTTGGTTACGGAG-5,1
AACTCTTGTTGTCTTT-5,0
AAGGAGCAGAGTCTGG-5,1
AAGTCTGAGTCAATAG-5,0
ACACTGACAGCCTATA-5,3
ACATCAGAGCTCCTCT-5,2
ACGAGCCCATCTACGA-5,1
ACGAGCCTCAGTTTGG-5,1
ACGATGTGTAAACACA-5,0
ACGCCAGAGAGCTGGT-5,1
ACGCCAGCAGCCTTTC-5,1
ACGGCCAAGGTGCACA-5,1
ACGGGTCGTTAAGGGC-5,3
ACTATCTGTACCGCTG-5,1
ACTATCTTCTGAGTGT-5,1
ACTGAACTCGAACTGT-5,3
ACTGATGAGGTGACCA-5,1
ACTGATGTCACTTACT-5,1
ACTTGTTAGCAATATG-5,0
ACTTGTTTCCTTGGTC-5,1
ACTTTCAGTTGGTTTG-5,0
AGACGTTCACCTGGTG-5,1
AGAGCTTGTGGGTATG-5,0
AGAGTGGAGCTAACTC-5,0
AGAGTGGGTTTAGCTG-5,0
AGATTGCGTGTGTGCC-5,1
AGCAGCCCAGACAGGT-5,1
AGCAGCCGTCTAGCGC-5,1
AGCTCCTCAAATCCGT-5,0
AGCTTGAAGTGAATTG-5,0
AGGCCACAGATATGGT-5,1
AGGGAGTAGCCGATTT-5,1
AGGGAGTTCAGGTAAA-5,0
AGGGATGTCTGGCGTG-5,1
AGGGTGACACATAACC-5,3
AGGTCATAGACTTGAA-5,1
AGGTCATTCAGCTCTC-5,1
AGGTCCGTCACGAAGG-5,1
AGTAGTCGTAGAGGAA-5,1
AGTCTTTTCCGCAGTG-5,0
ATAAGAGGTACCGCTG-5,1
ATAGACCCAGGAATCG-5,1
ATCTACTCATCTATGG-5,1
ATTGGACTCACTCCTG-5,0
CAACTAGCAGATAATG-5,1
CAACTAGCAGTATGCT-5,1
CAAGGCCTCCAGGGCT-5,1
CACACCTAGCCCAACC-5,1
CACACCTGTACGACCC-5,1
CACACCTTCTAGAGTC-5,1
CACACTCCAGACGCAA-5,0
CACAGTACATTGGTAC-5,0
CACATAGGTTGAGGTG-5,0
CACATTTAGATGTTAG-5,1
CACCTTGTCCATGAGT-5,1
CAGATCAAGGTAAACT-5,1
CAGCAGCTCTGGTGTA-5,1
CAGCATAGTCAGTGGA-5,1
CAGCATAGTTGATTCG-5,1
CAGCATATCGCCGTGA-5,0
CAGCCGACATTGGGCC-5,1
CAGCTAAGTCATGCAT-5,0
CAGGTGCAGGGCTCTC-5,0
CAGGTGCCAATGACCT-5,1
CATATTCAGCGATTCT-5,1
CATATTCCAGCTGGCT-5,1
CATCAAGTCAACGGGA-5,1
CATCCACGTATCACCA-5,0
CATCGAAGTCAAAGAT-5,2
CATGACAAGTACATGA-5,1
CATGACATCATCACCC-5,1
CATGCCTCAGCCTTGG-5,1
CATGGCGAGAACAACT-5,1
CATGGCGCAGTTCCCT-5,1
CATTCGCTCGTCTGAA-5,0
CCACGGAAGCTGCAAG-5,3
CCACGGACACGTCAGC-5,0
CCATTCGTCATGGTCA-5,0
CCCTCCTAGCGTAATA-5,1
CCCTCCTTCTGAAAGA-5,1
CCGGGATTCACCGGGT-5,1
CCGGTAGGTAGCCTAT-5,0
CCGGTAGGTTAAGACA-5,0
CCGTTCAGTAGCGTAG-5,0
CCTACACCACGTGAGA-5,1
CCTACCAGTATGAATG-5,1
CCTACCATCAGCTCTC-5,1
CCTTACGCAGACAGGT-5,0
CCTTACGGTAAGGATT-5,1
CCTTTCTCAGGCTGAA-5,0
CGATGTAGTTAAGAAC-5,0
CGATTGAGTACAGACG-5,1
CGCGGTAAGTATCTCG-5,0
CGCTGGAGTCTCGTTC-5,1
CGCTTCAAGAGGTAGA-5,1
CGGACACAGCCACGCT-5,1
CGGACACTCCGTAGGC-5,1
CGGACGTAGCGTGAAC-5,1
CGGACGTAGGATGGTC-5,1
CGGACTGCAGTTCCCT-5,1
CGGACTGTCGAATCCA-5,0
CGGAGTCAGAGTGAGA-5,1
CGGAGTCAGCTATGCT-5,0
CGGCTAGCAAAGGAAG-5,0
CGGGTCATCCTGCCAT-5,1
CGGTTAACAAATTGCC-5,0
CGTAGCGAGATCCCGC-5,3
CGTAGCGCAGAAGCAC-5,1
CGTCACTCATGCCTAA-5,0
CGTCTACAGTTGAGTA-5,0
CGTGTAACAGGAACGT-5,0
CGTTCTGTCCCTAATT-5,1
CGTTGGGCAAGCGAGT-5,1
CTAACTTCAGTTCCCT-5,1
CTAACTTTCCTAGTGA-5,0
CTACACCCAGCGTCCA-5,1
CTACATTCAACGCACC-5,1
CTACATTCAATGACCT-5,0
CTACGTCAGTTACCCA-5,1
CTCAGAAAGGCCCTTG-5,1
CTCATTAGTCCGAGTC-5,1
CTCGAAACAGACACTT-5,0
CTCGAAATCTTCTGGC-5,1
CTCTACGCAAGCTGAG-5,1
CTCTACGCACAGGTTT-5,0
CTCTGGTTCAGTTAGC-5,0
CTGCTGTTCCACTGGG-5,0
CTGGTCTTCTTGTCAT-5,1
CTGTTTAAGATGTCGG-5,1
CTTAACTTCGCGCCAA-5,1
CTTACCGAGTTGAGTA-5,1
CTTACCGGTCTGATCA-5,1
CTTCTCTAGCAATATG-5,1
GAAACTCGTAGTACCT-5,0
GAAACTCGTATTCTCT-5,1
GAACCTAGTGACAAAT-5,0
GAACCTAGTTCCACGG-5,1
GAATGAATCGCGTTTC-5,1
GACAGAGCAAGAAGAG-5,1
GACAGAGCATCCCACT-5,1
GACGTGCAGTCAAGGC-5,1
GACTACAAGTGAAGAG-5,0
GAGCAGAGTGATGCCC-5,3
GAGGTGAAGAATGTTG-5,1
GAGGTGAGTCACCTAA-5,1
GAGTCCGTCTGAAAGA-5,2
GATCAGTTCCGCATCT-5,0
GATCAGTTCCTAGGGC-5,0
GATCGTATCTTTCCTC-5,1
GATCTAGAGACAGAGA-5,0
GATCTAGCATGCTAGT-5,0
GATCTAGTCGCATGGC-5,0
GATGCTAAGGGTTCCC-5,1
GATTCAGGTACTTGAC-5,3
GATTCAGGTCTGCAAT-5,1
GATTCAGGTGAGGGTT-5,1
GCAATCACATGCTAGT-5,1
GCAGCCACAAGCTGTT-5,0
GCATACATCCTAGTGA-5,1
GCATGTAGTTTCGCTC-5,1
GCATGTATCTTTAGTC-5,1
GCGACCACACGTAAGG-5,1
GCGCCAACACCGCTAG-5,1
GCTGCTTTCAAACGGG-5,1
GCTGGGTGTATTACCG-5,0
GCTGGGTTCGCCAAAT-5,0
GCTTCCATCCCACTTG-5,1
GGAATAAGTCCGTTAA-5,1
GGAATAATCTATCCTA-5,1
GGATGTTCATCCGTGG-5,0
GGATTACTCGGAGGTA-5,3
GGCAATTGTGAGGGAG-5,1
GGCCGATGTAGCTCCG-5,1
GGCTGGTAGCACGCCT-5,1
GGGATGACAATGTAAG-5,1
GGGCACTAGACCTTTG-5,0
GGGCACTAGCTGAACG-5,0
GGGCACTCAGGGTATG-5,1
GGTATTGCATACGCTA-5,1
GGTGAAGAGATCTGAA-5,2
GGTGCGTGTCAGTGGA-5,1
GTACTCCTCCTAGTGA-5,1
GTAGGCCCACGAAATA-5,0
GTAGTCATCCGCATAA-5,1
GTATCTTGTAGTACCT-5,1
GTATTCTTCCGTCAAA-5,1
GTCACGGAGGGAACGG-5,1
GTCATTTCAATGAATG-5,1
GTCATTTCACTATCTT-5,0
GTCGGGTCAGGAATGC-5,1
GTCGTAACACAGAGGT-5,0
GTCTCGTAGGAATTAC-5,0
GTCTCGTTCTTCATGT-5,0
GTCTTCGCACGAGAGT-5,1
GTGCGGTGTTATCGGT-5,0
GTGTGCGAGTACCGGA-5,1
GTGTTAGTCTACTTAC-5,0
GTTACAGCACGTTGGC-5,0
GTTCTCGCATTCTCAT-5,1
GTTTCTAAGGCTCAGA-5,1
GTTTCTACAAACTGTC-5,1
GTTTCTATCCTACAGA-5,0
TACGGGCTCTGTTGAG-5,2
TACGGTAGTCTAGTGT-5,0
TACTCATCAGTCACTA-5,1
TACTCGCCACTGTCGG-5,0
TACTTGTTCAGAAATG-5,0
TAGAGCTAGCACCGCT-5,0
TAGAGCTGTCCAAGTT-5,2
TAGTGGTGTCCGAACC-5,0
TAGTGGTTCTCTAGGA-5,1
TAGTTGGCAGCCACCA-5,1
TATTACCAGATGAGAG-5,1
TCACAAGTCACATAGC-5,1
TCACGAACAGGCTGAA-5,1
TCAGCAAAGATTACCC-5,1
TCAGCAAAGGCACATG-5,1
TCAGCTCAGTTAACGA-5,0
TCAGCTCGTCATGCAT-5,1
TCAGGATGTACGACCC-5,0
TCAGGATTCGCCTGTT-5,0
TCAGGTACAAATCCGT-5,1
TCAGGTACAACACCCG-5,0
TCATTACGTCTCTCTG-5,1
TCATTACTCTGGGCCA-5,1
TCCACACTCGAGGTAG-5,1
TCGAGGCCAGTCTTCC-5,1
TCGCGAGTCAGCTTAG-5,3
TCGTACCAGACAAGCC-5,1
TCGTACCTCTCTAGGA-5,2
TCGTAGAAGTATTGGA-5,1
TCTCTAAGTACACCGC-5,0
TCTCTAATCTCCCTGA-5,1
TCTGAGACACGTTGGC-5,0
TCTGGAAAGTGGTAAT-5,1
TCTTCGGCACAGATTC-5,1
TCTTCGGGTACCTACA-5,0
TCTTTCCTCAAACCGT-5,0
TGACAACTCAGTACGT-5,0
TGACGGCGTCACACGC-5,1
TGAGAGGAGTGCCATT-5,1
TGCACCTTCAGCTTAG-5,2
TGCTACCTCGGATGGA-5,0
TGGCCAGAGAAGGGTA-5,0
TGGTTAGTCGACCAGC-5,1
TGGTTCCTCCGTCAAA-5,1
TGTATTCGTTCCATGA-5,0
TGTGGTAAGCGCCTTG-5,0
TGTTCCGTCCGAACGC-5,0
TTAACTCAGAGCCCAA-5,0
TTAACTCAGATGCCAG-5,0
TTAGGACCAGGTTTCA-5,0
TTAGGACTCGGAAACG-5,0
TTCCCAGAGAGTCTGG-5,1
TTCCCAGTCCACTGGG-5,1
TTCGAAGTCGGATGGA-5,1
TTCGGTCCATTGGTAC-5,0
TTCGGTCTCGCTGATA-5,0
TTCTCAACATCAGTCA-5,0
TTCTCAATCCTAGTGA-5,1
TTCTCCTTCAGGTAAA-5,1
TTCTTAGTCGACCAGC-5,1
TTGAACGAGATCTGAA-5,1
TTGCCGTCACGGTGTC-5,1
TTGCCGTTCGCCAAAT-5,1
TTGGAACGTCGGCATC-5,1
TTGGCAATCTTCTGGC-5,1
TTGTAGGGTACTCAAC-5,0
TTGTAGGTCCAGGGCT-5,1
TTTCCTCAGGAATGGA-5,0
TTTCCTCGTCTCCATC-5,1
TTTGCGCGTTCCACAA-5,1
TTTGGTTCAGGGTTAG-5,1
AAACCTGTCACAACGT-6,1
AAACCTGTCTCTAGGA-6,1
AAAGATGAGTTCGCAT-6,2
AAAGTAGCACACAGAG-6,2
AAAGTAGGTCAGAAGC-6,1
AAAGTAGGTTCCCGAG-6,0
AAAGTAGTCCTAGTGA-6,1
AAATGCCAGCCCAACC-6,2
AAATGCCAGCGGATCA-6,0
AAATGCCAGTGTTTGC-6,2
AACACGTCAATGTAAG-6,1
AACACGTCATAAAGGT-6,1
AACCATGGTAGGACAC-6,3
AACCGCGGTCGGCACT-6,0
AACGTTGGTAACGCGA-6,1
AACGTTGTCTTCCTTC-6,1
AACTCCCGTACTCGCG-6,2
AACTCCCTCACATAGC-6,1
AACTCCCTCAGAGGTG-6,3
AACTCTTCACATCCAA-6,1
AACTGGTCAAGCTGTT-6,1
AACTGGTCAAGGTTCT-6,1
AACTGGTTCCGTTGCT-6,1
AACTTTCAGGCTCAGA-6,1
AACTTTCGTAGCTGCC-6,1
AAGACCTCATAGGATA-6,1
AAGACCTGTAAGTGTA-6,0
AAGACCTTCGTTTAGG-6,0
AAGGAGCTCGTTACAG-6,0
AAGGAGCTCTTTAGTC-6,1
AAGGTTCAGATGGGTC-6,0
AAGGTTCAGTCAAGCG-6,0
AAGGTTCGTTACGCGC-6,1
AAGGTTCTCCATTCTA-6,1
AAGTCTGAGATATGGT-6,1
AAGTCTGTCATCGATG-6,2
AATCCAGCAAAGCAAT-6,1
AATCCAGGTCATGCCG-6,1
AATCCAGGTGCGCTTG-6,1
AATCCAGTCTCGGACG-6,2
AATCGGTAGTGTTTGC-6,1
ACACCCTCAGATGAGC-6,0
ACACCGGCAGACTCGC-6,0
ACACCGGGTATCACCA-6,1
ACACTGACATGGTTGT-6,0
ACACTGAGTCGCGGTT-6,1
ACAGCCGAGCCACTAT-6,1
ACAGCCGGTCCAGTTA-6,1
ACAGCCGGTCGCCATG-6,1
ACAGCCGTCAACGCTA-6,0
ACAGCCGTCTTGCCGT-6,1
ACAGCTAAGTCGAGTG-6,1
ACAGCTACAAGAAGAG-6,0
ACATACGCAGGTGCCT-6,1
ACATCAGCATAAAGGT-6,1
ACATGGTAGGACAGCT-6,0
ACATGGTAGGGATACC-6,0
ACATGGTTCCATGCTC-6,1
ACCAGTATCCGCGGTA-6,1
ACCCACTAGAGCCTAG-6,1
ACCCACTAGCGTTTAC-6,0
ACCCACTAGGAACTGC-6,1
ACCCACTAGTAGTGCG-6,1
ACCCACTTCTTATCTG-6,0
ACCGTAAAGAATCTCC-6,1
ACCGTAACAATCCAAC-6,0
ACCTTTAGTCGCATAT-6,1
ACGAGCCAGGTCGGAT-6,1
ACGAGGAAGGATGGTC-6,1
ACGATACTCGAACGGA-6,2
ACGATGTAGATGGGTC-6,0
ACGCAGCAGACAGGCT-6,1
ACGCAGCCACTACAGT-6,0
ACGCCAGAGCTCCTCT-6,1
ACGCCAGGTAAATGAC-6,3
ACGCCGAGTAAGGATT-6,1
ACGCCGATCCACGACG-6,1
ACGCCGATCGGCTTGG-6,1
ACGGAGACAAACTGCT-6,0
ACGGCCAGTACGCACC-6,1
ACGGCCAGTCGCATAT-6,0
ACGGGTCCAGTCACTA-6,1
ACGGGTCTCCCTTGCA-6,0
ACGTCAAAGGATATAC-6,1
ACTATCTAGACTGGGT-6,1
ACTATCTAGGATATAC-6,0
ACTATCTTCCCTTGCA-6,0
ACTGAACAGCACAGGT-6,0
ACTGAACCACCACGTG-6,1
ACTGAACTCTTAGAGC-6,0
ACTGAGTAGCTGAACG-6,0
ACTGAGTTCGGTTAAC-6,1
ACTGATGAGACACTAA-6,0
ACTGATGCATGGGAAC-6,1
ACTGCTCAGTCCGTAT-6,1
ACTGTCCAGACAATAC-6,1
ACTGTCCAGCTACCGC-6,0
ACTGTCCTCTTGTACT-6,1
ACTTACTTCTCACATT-6,1
ACTTACTTCTCCGGTT-6,1
ACTTGTTGTTCGCTAA-6,1
ACTTTCAAGAAGGGTA-6,0
AGAATAGCATTGAGCT-6,1
AGAATAGGTATTACCG-6,0
AGACGTTTCCATGAGT-6,2
AGACGTTTCTATCCTA-6,0
AGAGCGAAGAGCTTCT-6,0
AGAGCGAAGGCTCAGA-6,1
AGAGCGACAGGGAGAG-6,0
AGAGCTTAGACCGGAT-6,1
AGAGCTTAGCTTTGGT-6,0
AGAGCTTAGGACATTA-6,3
AGAGCTTAGGCTCTTA-6,1
AGAGCTTGTTCGAATC-6,0
AGAGCTTTCACCCTCA-6,1
AGAGTGGGTCTCTCGT-6,0
AGATCTGAGTTTAGGA-6,0
AGATCTGCACATCCAA-6,1
AGATCTGCAGACGCAA-6,1
AGATCTGGTAAATGAC-6,1
AGCAGCCAGGAGTACC-6,0
AGCAGCCTCTGGCGTG-6,0
AGCATACCAAGAAGAG-6,1
AGCCTAAAGTTCGCAT-6,1
AGCGGTCCACATCTTT-6,1
AGCGTATAGTGCAAGC-6,1
AGCGTATGTCCTCCAT-6,2
AGCGTATTCTGTGCAA-6,1
AGCGTCGGTCGACTAT-6,1
AGCGTCGTCTTACCGC-6,1
AGCTCCTGTGAGGGTT-6,1
AGCTCTCCAGACAGGT-6,1
AGCTCTCCAGTAGAGC-6,1
AGCTCTCGTACTTCTT-6,2
AGCTCTCTCCGCGTTT-6,1
AGCTTGACAGGACGTA-6,1
AGGCCACAGATGTAAC-6,1
AGGCCACCACCAGGTC-6,1
AGGCCGTAGAGCTATA-6,1
AGGCCGTCAATCGAAA-6,1
AGGCCGTTCGCTAGCG-6,1
AGGGAGTCAGATGAGC-6,1
AGGGAGTGTCATATGC-6,0
AGGGAGTGTCTAGCGC-6,0
AGGGAGTTCCTACAGA-6,0
AGGGATGTCAATCACG-6,1
AGGTCATAGGCTCTTA-6,1
AGGTCATGTACCGGCT-6,1
AGGTCATGTTGCGCAC-6,1
AGGTCATTCATGTGGT-6,2
AGGTCATTCGGAAACG-6,1
AGGTCCGCAGATGAGC-6,1
AGTGAGGAGGACGAAA-6,0
AGTGAGGCAACACCTA-6,1
AGTGAGGTCTTATCTG-6,1
AGTGGGAAGCCGTCGT-6,1
AGTGGGAAGTGTACGG-6,1
AGTGGGACAAACCTAC-6,1
AGTGGGAGTGTTGAGG-6,1
AGTGTCAAGGAATTAC-6,0
AGTGTCACATGCCTTC-6,0
AGTGTCACATGGGACA-6,1
AGTGTCATCGCAAACT-6,0
AGTGTCATCTAACTGG-6,3
AGTTGGTAGTAACCCT-6,3
ATAACGCAGAAACCAT-6,0
ATAACGCTCTGTACGA-6,1
ATAAGAGTCCAGAGGA-6,2
ATAGACCAGTGGTCCC-6,1
ATAGACCGTACCAGTT-6,0
ATCACGATCCGTACAA-6,0
ATCATCTAGAGCAATT-6,1
ATCATCTGTTATGCGT-6,1
ATCATGGAGAATAGGG-6,0
ATCATGGAGATGTCGG-6,1
ATCATGGCATCACAAC-6,0
ATCATGGTCCTCATTA-6,1
ATCATGGTCCTCGCAT-6,1
ATCATGGTCGCACTCT-6,1
ATCCACCAGTTGCAGG-6,0
ATCCACCGTATCGCAT-6,1
ATCCGAAAGGAGTCTG-6,1
ATCCGAACAACTGCTA-6,1
ATCGAGTCATACCATG-6,1
ATCGAGTCATTCTCAT-6,1
ATCGAGTGTAGCGCAA-6,0
ATCTACTAGCTTATCG-6,1
ATCTACTGTGCACTTA-6,0
ATCTACTGTTATCGGT-6,1
ATCTGCCCATCCCATC-6,1
ATCTGCCTCGGGAGTA-6,3
ATGAGGGAGACAAAGG-6,1
ATGAGGGCAAGTTGTC-6,1
ATGGGAGAGGATCGCA-6,0
ATGTGTGCATGTAAGA-6,0
ATGTGTGGTCAAACTC-6,1
ATGTGTGTCTGTACGA-6,1
ATTACTCAGACAAGCC-6,1
ATTACTCGTCCAGTAT-6,1
ATTACTCTCCTTTACA-6,1
ATTCTACAGTAGGTGC-6,1
ATTCTACCAATAGAGT-6,1
ATTCTACTCACAACGT-6,1
ATTCTACTCTACTTAC-6,1
ATTGGACCAGTCGATT-6,1
ATTGGACCATGCCTAA-6,1
ATTGGTGCACCTATCC-6,0
ATTGGTGGTAGGACAC-6,1
CAACCTCGTTACAGAA-6,1
CAACTAGGTAGAGCTG-6,0
CAACTAGGTTCTGAAC-6,0
CAACTAGTCTATCCTA-6,0
CAAGAAACATCGATGT-6,1
CAAGTTGAGGTGTTAA-6,0
CACAAACAGCGCCTCA-6,0
CACAAACCAAATACAG-6,1
CACAAACGTAAGAGGA-6,0
CACACAAAGGGCTTGA-6,1
CACACAACATCGTCGG-6,1
CACACCTCAGCCTGTG-6,0
CACACTCAGCTTATCG-6,1
CACACTCCACGGCGTT-6,0
CACACTCCATCGATTG-6,1
CACAGGCGTCTAGGTT-6,1
CACAGGCGTTAAGATG-6,0
CACAGTAAGACACTAA-6,1
CACAGTAAGTGTACGG-6,1
CACATAGTCGTTACAG-6,0
CACATAGTCTCAACTT-6,1
CACATAGTCTTCATGT-6,1
CACATTTGTTAGTGGG-6,1
CACCAGGAGCAACGGT-6,1
CACCAGGGTGAACCTT-6,1
CACCAGGTCGCCGTGA-6,0
CACTCCACACCATGTA-6,1
CACTCCATCCTCAACC-6,2
CACTCCATCGCATGGC-6,0
CAGAATCAGAGTTGGC-6,1
CAGAATCGTCTCGTTC-6,1
CAGAATCTCCTGTACC-6,0
CAGAGAGCACGGCGTT-6,1
CAGAGAGGTACAGTTC-6,1
CAGCCGAAGAGTAATC-6,0
CAGCCGATCATAGCAC-6,1
CAGCGACTCGCGGATC-6,0
CAGCGACTCTCATTCA-6,1
CAGCTAACATCGGTTA-6,0
CAGCTGGAGTGGAGAA-6,1
CAGCTGGGTCTACCTC-6,1
CAGGTGCAGCACCGTC-6,3
CAGGTGCGTTACCAGT-6,1
CAGTAACAGATGCGAC-6,0
CAGTAACCAGCGTTCG-6,1
CAGTCCTAGGAGTTTA-6,0
CATATGGCAGTAAGCG-6,1
CATATGGTCAGATAAG-6,1
CATATTCAGCCAGTTT-6,1
CATCAAGCAGTTCATG-6,3
CATCAAGCATCACGTA-6,1
CATCAGAGTAGGGTAC-6,1
CATCAGATCTGGGCCA-6,1
CATCCACGTTACCGAT-6,0
CATCCACTCGCGATCG-6,1
CATCGAACACACGCTG-6,1
CATCGAACACCAGGCT-6,0
CATCGAATCCAGGGCT-6,0
CATCGGGAGGCTAGGT-6,1
CATCGGGCAAGGTGTG-6,0
CATCGGGCACAAGTAA-6,1
CATCGGGCAGGAATGC-6,1
CATCGGGTCAAACCGT-6,1
CATGACAAGATGTCGG-6,1
CATGACAAGCAGGTCA-6,1
CATGCCTAGGCAGGTT-6,1
CATGCCTCAAGCGTAG-6,1
CATGCCTCAGACGCAA-6,1
CATGCCTTCTGGTATG-6,1
CATGGCGAGGCCGAAT-6,1
CATGGCGGTTACGACT-6,1
CATTATCTCCAGATCA-6,0
CATTCGCAGTGGTAGC-6,0
CATTCGCTCAGTACGT-6,0
CCAATCCGTTCTGTTT-6,1
CCACCTAAGCGATCCC-6,1
CCACCTAAGGTGGGTT-6,0
CCACCTAGTAAGGGCT-6,0
CCACCTAGTGACGCCT-6,1
CCACCTAGTGAGGCTA-6,1
CCACCTATCCGCGGTA-6,1
CCACCTATCGCGTAGC-6,1
CCACTACGTGAGTGAC-6,1
CCACTACGTTGCGCAC-6,0
CCACTACTCGGTTAAC-6,0
CCATTCGAGGAGCGAG-6,1
CCATTCGGTGCGATAG-6,1
CCCAATCGTTCAGTAC-6,1
CCCTCCTAGGTGCTTT-6,1
CCCTCCTCAATGTAAG-6,2
CCCTCCTGTCCTAGCG-6,3
CCCTCCTGTGACGGTA-6,1
CCCTCCTTCTCTGTCG-6,0
CCGGGATGTGTCAATC-6,1
CCGGTAGTCGCGTTTC-6,1
CCGTACTAGGAGTAGA-6,1
CCGTACTCAGCCTTGG-6,1
CCGTACTTCTTGCCGT-6,0
CCGTACTTCTTTAGTC-6,0
CCGTGGACATGGGACA-6,1
CCGTGGAGTCGACTAT-6,1
CCGTGGAGTTCCGTCT-6,1
CCTAAAGCACGAAAGC-6,1
CCTAAAGGTAGCGTCC-6,1
CCTAAAGGTGCAGGTA-6,0
CCTAAAGTCACCGGGT-6,1
CCTACCACAGCCTTTC-6,1
CCTACCAGTAATCACC-6,0
CCTACCATCGCGTTTC-6,1
CCTAGCTCAATCTGCA-6,1
CCTCAGTAGAACTGTA-6,1
CCTCAGTAGCAATATG-6,1
CCTCAGTAGTGACATA-6,2
CCTCTGAAGAGCCTAG-6,3
CCTCTGATCTTGACGA-6,1
CCTTACGTCTACTATC-6,0
CCTTCGAAGCTGAACG-6,1
CGAACATAGGACAGCT-6,1
CGAACATAGTGGGATC-6,3
CGAACATCAGATCTGT-6,0
CGAACATGTATAAACG-6,3
CGAACATTCTAGCACA-6,1
CGAATGTCAGTATAAG-6,1
CGAATGTCATGTCCTC-6,0
CGAATGTTCGAACTGT-6,1
CGACCTTCAAGCGAGT-6,1
CGACTTCCAATTCCTT-6,1
CGACTTCCATCCGGGT-6,3
CGACTTCGTCACTTCC-6,0
CGAGAAGAGATGTGTA-6,0
CGAGCACAGGCGACAT-6,1
CGAGCACCAAAGCAAT-6,1
CGAGCACCATGTTCCC-6,0
CGAGCACGTCAAACTC-6,1
CGAGCCACACCAGATT-6,1
CGAGCCAGTCCGAAGA-6,1
CGAGCCATCGCTGATA-6,2
CGATCGGCATTGAGCT-6,2
CGATCGGGTAGGCATG-6,1
CGATCGGGTCTGCCAG-6,0
CGATCGGGTTTCCACC-6,2
CGATGGCAGCAAATCA-6,1
CGATGGCCAGATCCAT-6,0
CGATGGCGTACAAGTA-6,1
CGATGTAAGTCTTGCA-6,3
CGATGTATCCCAAGAT-6,3
CGATGTATCTTGTTTG-6,1
CGATTGAAGCTACCGC-6,1
CGATTGACACATGGGA-6,0
CGATTGAGTCGGCATC-6,1
CGATTGAGTGCCTTGG-6,0
CGCCAAGAGGAGTACC-6,1
CGCCAAGGTACCCAAT-6,0
CGCGGTACAGACAAAT-6,0
CGCGTTTAGGTGTTAA-6,0
CGCGTTTCAAGCCTAT-6,1
CGCTATCAGTCAATAG-6,1
CGCTATCCATAAGACA-6,0
CGCTGGACAGATGAGC-6,3
CGCTGGATCTCAACTT-6,1
CGCTTCACAATACGCT-6,0
CGCTTCAGTCTCATCC-6,1
CGCTTCAGTTGTCTTT-6,1
CGCTTCATCGTCTGAA-6,1
CGGACGTCATATGGTC-6,0
CGGACTGGTTCGCTAA-6,1
CGGAGCTCATAGAAAC-6,1
CGGAGCTTCGAATGGG-6,0
CGGAGTCAGGCTATCT-6,1
CGGAGTCTCAGCTCGG-6,0
CGGAGTCTCCTGTAGA-6,1
CGGAGTCTCTTGCCGT-6,1
CGGCTAGCAGGACGTA-6,1
CGGCTAGCAGTATAAG-6,1
CGGCTAGGTAAACGCG-6,0
CGGCTAGGTCACTGGC-6,0
CGGGTCAGTTATCCGA-6,1
CGGGTCATCCTCCTAG-6,1
CGGGTCATCTTCAACT-6,0
CGGTTAAAGGAGTTTA-6,1
CGGTTAACAAGTCTAC-6,0
CGGTTAATCGATGAGG-6,1
CGTAGCGCATGTCGAT-6,0
CGTAGGCCAGGACGTA-6,0
CGTAGGCTCTTATCTG-6,1
CGTCACTGTCCGAATT-6,0
CGTCACTGTTCAACCA-6,0
CGTCACTTCTGTCTCG-6,0
CGTCCATAGTCGAGTG-6,1
CGTCCATCAGCAGTTT-6,1
CGTCCATCAGTAGAGC-6,1
CGTCTACAGGTGTGGT-6,0
CGTCTACCAAGTAGTA-6,0
CGTCTACGTCTTGTCC-6,1
CGTGTAACATGATCCA-6,0
CGTGTCTCAGCGTAAG-6,1
CGTTAGATCAGCTTAG-6,3
CGTTCTGCAAGGGTCA-6,1
CGTTCTGGTCCGAACC-6,1
CGTTCTGTCCAGATCA-6,1
CGTTGGGCATACAGCT-6,1
CGTTGGGGTGACGCCT-6,1
CGTTGGGGTTCCACGG-6,1
CTAACTTAGCGTAATA-6,1
CTAACTTGTTCCAACA-6,1
CTAAGACCATGTAAGA-6,1
CTAAGACTCTGCCCTA-6,1
CTAATGGTCTATCGCC-6,1
CTACACCTCACTCTTA-6,1
CTACATTAGTCGTACT-6,3
CTACATTCAATGACCT-6,1
CTACATTCATCGGAAG-6,1
CTACATTCATTCGACA-6,1
CTACATTGTCTCCCTA-6,0
CTACCCAAGGGAAACA-6,1
CTACCCACACGGTGTC-6,1
CTACCCAGTGTGACGA-6,1
CTACGTCAGCGTAATA-6,1
CTAGAGTCAGCTATTG-6,1
CTAGAGTGTACCCAAT-6,0
CTAGAGTGTCGCGAAA-6,0
CTAGCCTTCAGTGTTG-6,1
CTCAGAAAGTGGGTTG-6,1
CTCAGAAGTCCGTCAG-6,0
CTCATTATCAGGTTCA-6,0
CTCCTAGGTTCCGGCA-6,1
CTCCTAGTCTGGCGTG-6,2
CTCGGAGAGACACTAA-6,1
CTCGGAGAGAGCTATA-6,0
CTCGGAGAGATCTGAA-6,2
CTCGGAGCATGGGACA-6,0
CTCGGAGTCACAGTAC-6,1
CTCGGGATCCACGACG-6,0
CTCGTACCAAGTACCT-6,0
CTCGTCAAGAGCCCAA-6,1
CTCGTCATCTGACCTC-6,1
CTCGTCATCTTGTATC-6,1
CTCTACGAGCCAGAAC-6,1
CTCTACGAGTCGCCGT-6,1
CTCTACGCAGTCAGAG-6,0
CTCTACGGTGGTTTCA-6,0
CTCTGGTGTACTTAGC-6,0
CTCTGGTGTCACACGC-6,1
CTCTGGTTCATGTAGC-6,0
CTGAAGTTCGCGTAGC-6,1
CTGATAGCATGCTAGT-6,1
CTGATAGGTGCTTCTC-6,1
CTGATAGTCATCGGAT-6,2
CTGATAGTCTGAGTGT-6,1
CTGATCCAGCAGGCTA-6,0
CTGATCCAGCTGAACG-6,0
CTGATCCCAATCTGCA-6,1
CTGATCCCATGCGCAC-6,0
CTGCCTAAGGGATACC-6,0
CTGCCTACATGCATGT-6,1
CTGCGGACACACCGAC-6,1
CTGCGGACACGGATAG-6,1
CTGCGGATCATCTGCC-6,1
CTGCTGTCAGTTCATG-6,0
CTGCTGTCATTTGCTT-6,1
CTGGTCTAGATCCTGT-6,1
CTGTGCTTCGGAGGTA-6,0
CTGTGCTTCTGGCGAC-6,1
CTGTTTATCAACCATG-6,0
CTTAACTAGCATCATC-6,1
CTTAACTAGCCGCCTA-6,1
CTTAACTTCTGCGTAA-6,0
CTTACCGGTAGAGGAA-6,1
CTTACCGGTCCTAGCG-6,1
CTTACCGTCTCGCTTG-6,1
CTTAGGAAGAATTCCC-6,0
CTTAGGACAAGACGTG-6,0
CTTAGGACATTTCACT-6,1
CTTAGGAGTAAGTTCC-6,1
CTTCTCTCAGGTGCCT-6,0
CTTGGCTAGTGGAGAA-6,3
CTTGGCTAGTGTACGG-6,0
CTTGGCTAGTGTCCCG-6,0
CTTTGCGAGTCTCGGC-6,0
CTTTGCGCACCGATAT-6,3
GAAACTCCACCCATGG-6,1
GAAACTCCATAGGATA-6,1
GAAACTCTCAGAGCTT-6,1
GAAATGAAGGATGGTC-6,1
GAAATGATCTTTAGTC-6,0
GAACATCTCACATAGC-6,1
GAACCTATCCCTAACC-6,1
GAACGGAAGATCTGCT-6,0
GAACGGAGTGACTCAT-6,0
GAACGGATCCGCGGTA-6,0
GAAGCAGAGAGGGATA-6,1
GAAGCAGAGGACAGAA-6,0
GAATAAGAGCTGTCTA-6,0
GAATGAAGTCAGAAGC-6,3
GAATGAAGTGGAAAGA-6,1
GACACGCGTACAAGTA-6,0
GACACGCGTTCACCTC-6,0
GACACGCGTTGGACCC-6,0
GACAGAGAGTCCGTAT-6,0
GACAGAGGTTAGAACA-6,0
GACAGAGTCAAACCAC-6,1
GACAGAGTCGAGAGCA-6,0
GACCAATAGGGCTTCC-6,0
GACCAATGTCAATACC-6,1
GACCTGGCACCTCGTT-6,1
GACCTGGCATCCAACA-6,1
GACGCGTCACGTGAGA-6,3
GACGCGTGTTAAGTAG-6,1
GACGCGTGTTTGTTTC-6,3
GACGGCTCACCGAATT-6,1
GACGTGCGTACTTGAC-6,1
GACGTGCTCTTGGGTA-6,1
GACGTTATCCAGAGGA-6,1
GACTAACCAGGTGGAT-6,1
GACTAACGTACTCTCC-6,1
GACTAACGTTTGACAC-6,0
GACTAACTCGCAAGCC-6,0
GACTACAAGTGTGGCA-6,1
GACTACAGTCATGCAT-6,1
GACTACATCCCTAACC-6,1
GACTGCGGTCTAGTGT-6,0
GAGCAGAAGAAGAAGC-6,0
GAGGTGAAGTGCGTGA-6,0
GAGGTGACAGCTGTTA-6,1
GAGGTGATCCGCATAA-6,1
GAGTCCGAGGACAGCT-6,1
GAGTCCGGTATGGTTC-6,0
GAGTCCGGTCAAACTC-6,1
GATCAGTCATGGGAAC-6,1
GATCGATAGATATACG-6,1
GATCGATCATTGAGCT-6,1
GATCGCGGTTGTTTGG-6,1
GATCGTAGTTATTCTC-6,0
GATCGTATCGGAATCT-6,0
GATCTAGTCGAATCCA-6,3
GATGAAAGTCTGGAGA-6,1
GATGAGGGTACCAGTT-6,2
GATGAGGGTACTCGCG-6,1
GATGCTACAACCGCCA-6,1
GATGCTACAGCTATTG-6,1
GATGCTAGTGTGGCTC-6,1
GATGCTAGTTATGTGC-6,3
GATTCAGCACAGAGGT-6,1
GATTCAGCATCTCGCT-6,1
GCAAACTAGATCCCAT-6,0
GCAAACTGTGGACGAT-6,1
GCAAACTTCGCAAACT-6,1
GCAAACTTCTCTTGAT-6,1
GCAATCACATTAGGCT-6,1
GCACATAAGGGCATGT-6,0
GCACTCTGTTGTCTTT-6,1
GCACTCTTCGAGAGCA-6,2
GCAGCCACAATCACAC-6,1
GCAGCCAGTCCGCTGA-6,1
GCAGCCAGTTAAGACA-6,1
GCAGCCATCATTCACT-6,1
GCAGTTAAGACGCAAC-6,1
GCAGTTAAGATGTCGG-6,1
GCAGTTAAGGGAACGG-6,1
GCAGTTACACATGTGT-6,0
GCAGTTATCACCGGGT-6,1
GCAGTTATCTGGAGCC-6,1
GCATACACAGGGTATG-6,1
GCATACATCATCACCC-6,0
GCATGATCAAGTAATG-6,1
GCATGTAAGCGATAGC-6,0
GCATGTACACGCCAGT-6,1
GCCAAATCACCGTTGG-6,0
GCCAAATCACTGTTAG-6,0
GCCAAATTCGCCAAAT-6,1
GCCTCTAAGAGGTACC-6,1
GCCTCTATCTAACGGT-6,0
GCGACCATCCAGGGCT-6,1
GCGCAACAGTTATCGC-6,1
GCGCAACCACAGAGGT-6,0
GCGCAACGTAGTAGTA-6,0
GCGCAGTCACCCAGTG-6,1
GCGCCAACAGATGGGT-6,1
GCGCCAAGTCTCCACT-6,0
GCGCCAAGTGACCAAG-6,1
GCGCCAATCAACGCTA-6,1
GCGGGTTAGTTCGCAT-6,2
GCTCCTAGTCCAGTGC-6,1
GCTCTGTGTTGAACTC-6,1
GCTCTGTGTTGTTTGG-6,1
GCTGCAGCATCGTCGG-6,1
GCTGCAGGTCCCTTGT-6,1
GCTGCGAAGCAATCTC-6,1
GCTGCGACATGAACCT-6,1
GCTGCGAGTCGAACAG-6,1
GCTGCTTAGCACGCCT-6,0
GCTGCTTCACACAGAG-6,1
GCTGCTTTCTGTCAAG-6,1
GCTGGGTTCGATAGAA-6,0
GCTTGAAAGCTCCTCT-6,1
GGAAAGCGTAAGTGGC-6,1
GGAAAGCGTATGAAAC-6,1
GGAAAGCTCAGGCAAG-6,0
GGAAAGCTCCATGAGT-6,0
GGAACTTAGTGTCTCA-6,0
GGAACTTTCAGTTTGG-6,1
GGAATAAGTCGACTAT-6,1
GGAATAATCAACGGGA-6,1
GGAATAATCTAAGCCA-6,0
GGAATAATCTTGTATC-6,3
GGACAAGGTCGATTGT-6,1
GGACGTCCACATTAGC-6,0
GGACGTCCACTAGTAC-6,0
GGACGTCGTTCCCTTG-6,1
GGAGCAAAGATGTGTA-6,1
GGAGCAAAGCGTTTAC-6,0
GGAGCAACAGGTGGAT-6,1
GGATGTTTCAGTGTTG-6,1
GGATTACCAAGCGATG-6,1
GGATTACCAGCCAATT-6,1
GGCAATTTCATAACCG-6,0
GGCCGATAGCACCGCT-6,1
GGCCGATAGCGTCTAT-6,1
GGCCGATTCCAAACTG-6,1
GGCGACTAGTGCCAGA-6,1
GGCGACTAGTTACGGG-6,1
GGCGACTGTTGCCTCT-6,1
GGCGTGTAGACTAGGC-6,1
GGCGTGTAGCGCTTAT-6,1
GGCGTGTCATTATCTC-6,1
GGCGTGTGTGTGAAAT-6,0
GGCTGGTAGTCTTGCA-6,1
GGCTGGTTCAAAGACA-6,0
GGCTGGTTCGAGCCCA-6,0
GGCTGGTTCTCTGAGA-6,1
GGGAATGAGATATGGT-6,0
GGGAATGCAATGAATG-6,0
GGGAGATGTAGCTGCC-6,0
GGGAGATGTTGGTAAA-6,0
GGGCACTTCAGTACGT-6,0
GGGCATCAGCTGCAAG-6,3
GGGCATCAGGAACTGC-6,1
GGGCATCAGGTGCACA-6,3
GGGCATCCAAACCTAC-6,1
GGGCATCTCAGCGACC-6,1
GGGTCTGAGATGTGTA-6,1
GGGTCTGTCCTAGGGC-6,1
GGGTTGCAGAAACCAT-6,1
GGGTTGCCAGGGCATA-6,1
GGTATTGTCCATGAGT-6,1
GGTGAAGCACTCGACG-6,0
GGTGAAGTCAATCTCT-6,1
GGTGCGTGTAAATACG-6,0
GGTGCGTTCTAACTCT-6,0
GTAACGTCAAAGGAAG-6,1
GTAACGTTCGGTTAAC-6,1
GTAACTGCAAAGGCGT-6,1
GTAACTGGTAGCGCTC-6,0
GTAACTGGTTTAAGCC-6,1
GTAACTGTCCCAACGG-6,0
GTACGTAAGAAACGCC-6,1
GTACGTACAGTAAGCG-6,0
GTACGTACATTAGGCT-6,1
GTACGTAGTCAACATC-6,1
GTACGTATCCACTCCA-6,1
GTACTCCTCTTACCTA-6,0
GTAGGCCAGCTGAAAT-6,0
GTAGTCATCAGTTTGG-6,1
GTATCTTCAGAGTGTG-6,0
GTATCTTGTGGTACAG-6,3
GTATTCTAGGGCTCTC-6,0
GTATTCTCAGATCCAT-6,1
GTATTCTGTTATGTGC-6,0
GTATTCTTCACCCTCA-6,0
GTATTCTTCGGTCCGA-6,3
GTCAAGTCAGTCAGCC-6,1
GTCAAGTGTAAGGGAA-6,1
GTCAAGTGTACGCTGC-6,1
GTCAAGTTCCTATTCA-6,0
GTCACAAAGAGTCTGG-6,1
GTCACGGTCTGGCGTG-6,0
GTCATTTAGTTCGCAT-6,1
GTCATTTCACAGCGTC-6,0
GTCCTCAAGGCACATG-6,0
GTCCTCACAATACGCT-6,1
GTCCTCATCCGATATG-6,1
GTCGGGTGTGCCTTGG-6,0
GTCGGGTGTGTGACGA-6,1
GTCGGGTTCTCCGGTT-6,0
GTCGTAAAGATAGTCA-6,1
GTCTCGTCACCAGGCT-6,1
GTCTCGTCAGGCTCAC-6,1
GTCTCGTGTCACCCAG-6,1
GTGAAGGTCTCGTTTA-6,0
GTGCAGCAGCATGGCA-6,1
GTGCAGCGTATTCTCT-6,0
GTGCATACATAGACTC-6,0
GTGCTTCAGTGGGATC-6,1
GTGGGTCTCGTCTGAA-6,1
GTGTGCGAGGCTAGAC-6,0
GTGTGCGCAGCTGCAC-6,1
GTGTGCGGTCAGAGGT-6,1
GTGTTAGGTAAATGTG-6,1
GTTAAGCAGCACACAG-6,2
GTTAAGCTCACTATTC-6,1
GTTACAGCACTGTCGG-6,3
GTTCATTAGCTACCTA-6,1
GTTCATTCATTGGCGC-6,1
GTTCATTGTGCCTTGG-6,1
GTTCATTTCTCCAACC-6,1
GTTCGGGAGTCATGCT-6,1
GTTCGGGCACGGACAA-6,1
GTTCTCGGTCAACATC-6,1
GTTTCTAGTTCCCGAG-6,1
TAAGAGAAGATATGCA-6,1
TAAGAGACAGCTGTAT-6,1
TAAGAGATCACCACCT-6,1
TAAGCGTAGTTGTAGA-6,1
TAAGTGCTCACTATTC-6,1
TACAGTGAGGAGTTTA-6,0
TACAGTGTCAAGAAGT-6,0
TACAGTGTCCATGCTC-6,1
TACCTATCATTCTCAT-6,1
TACCTATGTGAGGGTT-6,2
TACCTATTCCAAAGTC-6,1
TACGGATCAGCTGCAC-6,1
TACGGGCCAACACCTA-6,1
TACGGGCCATCGATTG-6,1
TACGGTAAGTGTTGAA-6,1
TACGGTAGTTAAGACA-6,1
TACGGTATCTCCAACC-6,0
TACTCGCAGTCATGCT-6,0
TACTTGTTCGCGGATC-6,1
TAGAGCTAGGCTCATT-6,1
TAGAGCTTCACGATGT-6,0
TAGAGCTTCCTAAGTG-6,1
TAGCCGGCACAAGCCC-6,0
TAGCCGGCAGATGGGT-6,0
TAGCCGGGTGGTAACG-6,0
TAGGCATAGAAAGTGG-6,1
TAGGCATAGTCAATAG-6,1
TAGGCATCAAATCCGT-6,0
TAGGCATCACGAAACG-6,1
TAGTGGTCAGTATAAG-6,2
TAGTGGTGTCAACATC-6,1
TAGTGGTGTCCTAGCG-6,0
TAGTGGTTCTCCCTGA-6,1
TAGTTGGGTGTAACGG-6,0
TATCAGGAGGCAGGTT-6,1
TATCAGGCACCGTTGG-6,3
TCAACGAAGGACGAAA-6,1
TCAACGAGTAGGGTAC-6,0
TCAATCTAGTAACCCT-6,1
TCAATCTAGTGGTAGC-6,1
TCAATCTGTGACGGTA-6,0
TCACAAGTCCCATTTA-6,0
TCACAAGTCCGCATCT-6,0
TCACGAAGTGCAGACA-6,1
TCAGATGAGCCAGTAG-6,0
TCAGATGAGCTGCGAA-6,1
TCAGATGAGGAGTAGA-6,1
TCAGATGGTAGCCTAT-6,1
TCAGATGGTCTGATTG-6,2
TCAGCAACATTGAGCT-6,1
TCAGCAATCATACGGT-6,1
TCAGCAATCTCGCATC-6,1
TCAGCTCAGGGATGGG-6,1
TCAGCTCGTCACCTAA-6,1
TCAGCTCGTCAGAATA-6,1
TCAGCTCGTTCAGCGC-6,1
TCAGCTCTCGTCCAGG-6,0
TCAGGATCAAGAGTCG-6,1
TCAGGATTCCGAAGAG-6,1
TCAGGTAAGCCCGAAA-6,1
TCAGGTACAACTGCTA-6,2
TCAGGTACACGACGAA-6,0
TCATTACAGTGAATTG-6,1
TCATTACGTACCGTAT-6,1
TCATTACGTAGCTTGT-6,1
TCATTTGAGCCATCGC-6,0
TCCCGATCAATCAGAA-6,0
TCCCGATGTACTTGAC-6,0
TCGAGGCAGAAGGTTT-6,0
TCGAGGCCACAGACTT-6,0
TCGAGGCCACTGCCAG-6,1
TCGAGGCCATCACGTA-6,3
TCGCGAGGTCTTCTCG-6,1
TCGCGTTCACGGCGTT-6,1
TCGCGTTCAGGGTATG-6,2
TCGCGTTGTAGAGGAA-6,0
TCGCGTTGTAGTACCT-6,1
TCGGTAACATAAGACA-6,1
TCGGTAAGTCGGGTCT-6,0
TCGTACCGTGGTAACG-6,0
TCGTACCTCTGATACG-6,1
TCGTAGAGTCGACTAT-6,1
TCTATTGTCGATAGAA-6,1
TCTCATAAGTTATCGC-6,0
TCTCTAAAGGAGTAGA-6,1
TCTCTAAGTCCAGTAT-6,1
TCTGAGACAATGGACG-6,1
TCTGGAAAGCGCCTCA-6,2
TCTGGAAAGTGACATA-6,1
TCTGGAAAGTTGTCGT-6,0
TCTGGAAGTGCCTTGG-6,1
TCTTCGGAGGCCCGTT-6,0
TCTTCGGCACATCTTT-6,1
TCTTTCCAGTTAGCGG-6,1
TCTTTCCGTATTAGCC-6,2
TGAAAGAAGATGCCAG-6,1
TGAAAGACACGTTGGC-6,0
TGAAAGAGTACTTAGC-6,0
TGAAAGATCCTTGGTC-6,0
TGACAACGTAAAGGAG-6,0
TGACGGCCAGAGCCAA-6,1
TGACGGCTCATGGTCA-6,1
TGACTAGGTCTCTTTA-6,1
TGACTTTAGCTAGCCC-6,0
TGACTTTGTCGAAAGC-6,1
TGACTTTGTCGGCATC-6,0
TGACTTTTCGTCCGTT-6,0
TGAGAGGCAGGGTATG-6,0
TGAGCATTCGACAGCC-6,1
TGAGCCGAGTGCCATT-6,0
TGAGCCGCATACCATG-6,0
TGAGGGAAGTTGCAGG-6,1
TGATTTCAGGCTCTTA-6,1
TGATTTCAGTGTGAAT-6,0
TGCACCTCAGACGCCT-6,1
TGCACCTTCAACCATG-6,1
TGCCAAACAAGTTGTC-6,0
TGCCAAATCGTGACAT-6,1
TGCCCATCACATTTCT-6,1
TGCCCATTCGATAGAA-6,0
TGCCCATTCTTACCTA-6,0
TGCCCTAAGATATGCA-6,1
TGCCCTACAAGCCATT-6,0
TGCGCAGGTATCGCAT-6,1
TGCGCAGTCCTCAATT-6,1
TGCGGGTAGAACTCGG-6,1
TGCGTGGAGAGACTAT-6,1
TGCGTGGAGGCAGTCA-6,1
TGCTACCAGATTACCC-6,1
TGCTACCGTTGTTTGG-6,0
TGCTGCTTCTTGCCGT-6,1
TGGACGCAGGACTGGT-6,0
TGGCCAGAGTTGAGTA-6,1
TGGCCAGCAGTGACAG-6,0
TGGCCAGTCAGCGACC-6,1
TGGCGCAGTGCCTGCA-6,1
TGGCGCAGTTACGACT-6,0
TGGCTGGAGCCACGCT-6,1
TGGCTGGGTAGGGACT-6,1
TGGCTGGGTTAGATGA-6,0
TGGGAAGAGTTATCGC-6,0
TGGGAAGCATCACGAT-6,2
TGGGCGTCATGGTAGG-6,0
TGGGCGTGTCTCTCGT-6,2
TGGTTAGGTCCGTCAG-6,1
TGGTTCCAGACATAAC-6,1
TGGTTCCAGAGTACAT-6,1
TGGTTCCAGCTAGTCT-6,1
TGGTTCCTCCTAAGTG-6,0
TGTATTCCAGATCTGT-6,0
TGTATTCTCTAACCGA-6,0
TGTCCCAAGCTCCTTC-6,1
TGTCCCAGTCGGCTCA-6,1
TGTCCCATCACAGTAC-6,1
TGTGGTACACGAGAGT-6,1
TGTGTTTAGGTAAACT-6,1
TGTGTTTCACTTCGAA-6,2
TGTGTTTGTTCGCGAC-6,2
TGTTCCGAGCTAGGCA-6,1
TGTTCCGCAAGCTGTT-6,1
TTAACTCAGGGTTCCC-6,1
TTAACTCGTGATGTGG-6,3
TTAGGACGTAGCAAAT-6,1
TTAGGCACACTGTCGG-6,1
TTAGGCAGTCCAGTAT-6,1
TTAGGCAGTGACCAAG-6,1
TTAGTTCGTCTGATTG-6,1
TTAGTTCTCGTCGTTC-6,1
TTATGCTAGATCACGG-6,3
TTATGCTCAATGGACG-6,1
TTATGCTGTTGTCTTT-6,1
TTATGCTTCACAATGC-6,0
TTATGCTTCGAACTGT-6,1
TTCCCAGAGTGCGTGA-6,0
TTCCCAGGTCCGACGT-6,0
TTCGAAGGTGTGCCTG-6,1
TTCTACACAGGTGCCT-6,0
TTCTACATCAGTACGT-6,2
TTCTTAGCAAGAGTCG-6,1
TTCTTAGCAGAGTGTG-6,1
TTCTTAGCAGATGGCA-6,1
TTCTTAGGTCAACATC-6,1
TTCTTAGTCTTAGAGC-6,0
TTGACTTCACTAAGTC-6,0
TTGACTTCATGCCTTC-6,1
TTGACTTGTTCAGACT-6,0
TTGACTTGTTGCCTCT-6,0
TTGACTTTCTCAACTT-6,1
TTGCCGTAGATCTGAA-6,2
TTGCCGTGTTGTCTTT-6,0
TTGCCGTTCAGCGACC-6,1
TTGCCGTTCTGCTGCT-6,0
TTGGAACCAGTATGCT-6,1
TTGGCAATCACCAGGC-6,1
TTGGCAATCTGGAGCC-6,0
TTGTAGGCACGAGGTA-6,1
TTGTAGGCAGTAACGG-6,0
TTGTAGGCATGGGAAC-6,1
TTGTAGGGTACCATCA-6,3
TTGTAGGTCAACACAC-6,1
TTGTAGGTCCGCAGTG-6,1
TTTACTGCATGTCCTC-6,2
TTTACTGGTCAGATAA-6,1
TTTATGCTCCAATGGT-6,0
TTTCCTCAGCGCTTAT-6,1
TTTCCTCCAATAAGCA-6,0
TTTCCTCGTACAGTTC-6,1
TTTGGTTAGGCCCGTT-6,1
TTTGTCAGTTCAGGCC-6,0
AAACCTGAGCCTCGTG-7,1
AAACCTGGTCCCGACA-7,2
AAACCTGTCGTCCGTT-7,1
AAACGGGCATTGGGCC-7,1
AAACGGGTCTACTATC-7,2
AAAGTAGAGCTGAAAT-7,0
AAAGTAGAGGGTTTCT-7,0
AAAGTAGGTAAAGGAG-7,0
AACACGTAGCCACGTC-7,0
AACACGTGTCTCAACA-7,1
AACACGTTCTCTTGAT-7,0
AACCGCGGTACCGGCT-7,0
AACGTTGTCCTTTCTC-7,0
AACTCCCCAAGCCCAC-7,1
AACTCCCGTTGTGGCC-7,0
AACTCCCTCTTGTTTG-7,0
AACTCTTTCGCTTAGA-7,0
AACTGGTAGTTGTAGA-7,0
AAGCCGCAGTTGTCGT-7,0
AAGCCGCCATAGAAAC-7,0
AAGCCGCGTCGGCACT-7,2
AAGGAGCGTGGGTATG-7,0
AAGGAGCTCCAGAGGA-7,1
AAGGCAGAGGCGCTCT-7,0
AAGGCAGTCAGCTCGG-7,0
AAGGTTCCAGATTGCT-7,1
AATCCAGCAGGTCCAC-7,2
AATCCAGGTCACTTCC-7,0
AATCCAGGTGCGCTTG-7,0
AATCCAGGTTCAGCGC-7,1
AATCGGTTCGCCCTTA-7,0
ACACCAAAGGTGGGTT-7,0
ACACCAATCTCCCTGA-7,0
ACACCCTGTAGGCATG-7,0
ACACCCTTCATCGGAT-7,1
ACACCCTTCGTAGATC-7,0
ACACCGGAGGCTATCT-7,1
ACACCGGGTTAGTGGG-7,1
ACACTGAAGGGCTTCC-7,0
ACACTGAGTCAATACC-7,0
ACACTGAGTGCCTGTG-7,0
ACACTGATCGAATGGG-7,0
ACAGCCGCAATAGAGT-7,0
ACAGCCGCATCTACGA-7,0
ACAGCCGTCAGCTTAG-7,2
ACATCAGCATGGAATA-7,0
ACATCAGGTAAGTAGT-7,0
ACATCAGGTATCTGCA-7,0
ACATGGTCACCGTTGG-7,0
ACATGGTTCTGGCGAC-7,0
ACCAGTAAGACAGACC-7,0
ACCAGTACATTCACTT-7,2
ACCAGTAGTCTCTCGT-7,0
ACCAGTAGTGTGCGTC-7,1
ACCAGTATCGAATCCA-7,0
ACCAGTATCTATCCTA-7,1
ACCCACTAGTGAATTG-7,0
ACCCACTCACCTGGTG-7,0
ACCCACTGTACCGTTA-7,0
ACCCACTGTCTCCCTA-7,0
ACCCACTGTTGTGGCC-7,1
ACCCACTTCGTCCGTT-7,0
ACCGTAAAGAGACTAT-7,0
ACCGTAAAGGAACTGC-7,0
ACCGTAACATAAGACA-7,1
ACCTTTAGTGTTCTTT-7,0
ACCTTTATCAAACAAG-7,2
ACGAGCCAGGAATGGA-7,0
ACGAGCCAGTATCGAA-7,0
ACGAGCCTCAGTCCCT-7,0
ACGAGCCTCGTCTGAA-7,2
ACGAGGACAATGGAGC-7,1
ACGAGGACACGACGAA-7,0
ACGAGGAGTTGCGTTA-7,1
ACGATGTAGGAGTTTA-7,0
ACGATGTAGTACGATA-7,1
ACGATGTGTACTTGAC-7,1
ACGATGTGTTAAGATG-7,0
ACGCAGCAGAGTCTGG-7,1
ACGCCAGAGCCACTAT-7,0
ACGCCAGGTGCTCTTC-7,0
ACGCCGAGTACAGTGG-7,0
ACGCCGAGTGTCAATC-7,0
ACGGCCATCACGCATA-7,1
ACGGCCATCTAGCACA-7,0
ACGGGTCAGCAACGGT-7,0
ACGGGTCCATAGAAAC-7,0
ACGGGTCGTTCGCTAA-7,0
ACTATCTAGCAACGGT-7,0
ACTATCTGTCAACTGT-7,0
ACTATCTGTGAAAGAG-7,0
ACTATCTGTGGGTCAA-7,2
ACTGAACCAAGTCTAC-7,0
ACTGAACGTACCGCTG-7,0
ACTGAACGTGAGCGAT-7,1
ACTGAACTCGTTACAG-7,0
ACTGAGTGTCTTGCGG-7,0
ACTGAGTTCAGTTCGA-7,0
ACTGATGAGCTCAACT-7,0
ACTGCTCGTTCCATGA-7,0
ACTGCTCTCAGCTGGC-7,0
ACTGTCCTCAGCACAT-7,0
ACTTGTTGTCTGGAGA-7,0
ACTTTCAGTGATAAGT-7,0
AGAATAGCAAGAAGAG-7,0
AGAATAGCAGGTCCAC-7,0
AGAATAGGTAGAAGGA-7,0
AGAATAGTCCGGCACA-7,0
AGACGTTAGTCCGGTC-7,0
AGAGCGAGTTGATTGC-7,1
AGAGCGATCACCGTAA-7,0
AGAGCTTGTGTATGGG-7,0
AGAGCTTGTTTGACTG-7,0
AGAGCTTTCTAGCACA-7,0
AGAGCTTTCTCCAACC-7,0
AGAGTGGCACCAGGCT-7,0
AGAGTGGCAGTCTTCC-7,0
AGAGTGGCATTTGCTT-7,0
AGAGTGGTCCGCGCAA-7,0
AGAGTGGTCTAGAGTC-7,0
AGAGTGGTCTCCCTGA-7,0
AGATTGCGTCAGAATA-7,0
AGATTGCTCGACAGCC-7,0
AGCAGCCCAGCCACCA-7,0
AGCAGCCTCTTGTCAT-7,1
AGCAGCCTCTTTAGTC-7,0
AGCATACCATCATCCC-7,2
AGCCTAAAGCTAAGAT-7,1
AGCCTAATCATAACCG-7,2
AGCGGTCAGAGCTGCA-7,1
AGCGGTCAGGACAGCT-7,2
AGCGGTCCACTAGTAC-7,0
AGCGGTCTCATGCTCC-7,1
AGCGTATAGTTTCCTT-7,1
AGCGTATGTTCTCATT-7,2
AGCGTATGTTGCGTTA-7,0
AGCGTATTCTACGAGT-7,0
AGCGTATTCTATCCCG-7,1
AGCTCCTAGTGGACGT-7,0
AGCTCCTGTCTCATCC-7,0
AGCTCTCAGCTACCGC-7,0
AGCTCTCCAGCCACCA-7,0
AGCTCTCTCAGCAACT-7,1
AGCTCTCTCTGCTGCT-7,0
AGCTTGAAGAAGGCCT-7,0
AGCTTGACAGATGGCA-7,0
AGGCCACCAGGGCATA-7,3
AGGGATGCAGGATTGG-7,1
AGGGTGAAGATATACG-7,0
AGGGTGACAATGGATA-7,0
AGGGTGAGTAGCTGCC-7,0
AGGGTGAGTTTGGGCC-7,1
AGGGTGATCAATAAGG-7,1
AGGTCATAGAGACGAA-7,0
AGGTCATAGCGAAGGG-7,0
AGGTCATAGCTGTCTA-7,0
AGGTCATTCCATGAGT-7,0
AGGTCATTCTGCTTGC-7,0
AGGTCCGAGGCTACGA-7,1
AGGTCCGGTGACGCCT-7,1
AGTAGTCAGAGAGCTC-7,0
AGTAGTCAGTTGAGAT-7,0
AGTAGTCCACTGAAGG-7,0
AGTCTTTCAAGGTTTC-7,2
AGTCTTTGTGCTGTAT-7,0
AGTCTTTGTTGAACTC-7,0
AGTCTTTTCTAGAGTC-7,0
AGTGAGGTCTAACCGA-7,0
AGTGGGAAGATATGCA-7,0
AGTGGGAAGTCACGCC-7,0
AGTGTCACAATCGGTT-7,0
AGTTGGTAGATGTAAC-7,3
AGTTGGTGTCCAGTGC-7,0
AGTTGGTTCCCTAATT-7,2
ATAACGCAGAAGGACA-7,0
ATAAGAGGTCCGAATT-7,0
ATAAGAGGTCTGATCA-7,0
ATAAGAGTCGTGGGAA-7,1
ATAGACCCAATAACGA-7,0
ATCACGAGTGCAGGTA-7,0
ATCACGATCCCAAGAT-7,1
ATCATCTAGATGCGAC-7,0
ATCATCTAGCAGACTG-7,1
ATCATGGAGAGTAATC-7,0
ATCATGGCATTGCGGC-7,0
ATCCACCCAATAGAGT-7,0
ATCCGAAAGGGCTTCC-7,0
ATCCGAACACTCAGGC-7,1
ATCCGAAGTCAGAAGC-7,0
ATCCGAAGTTGACGTT-7,1
ATCGAGTAGGCAAAGA-7,0
ATCGAGTGTTGTACAC-7,0
ATCTACTAGATGCCTT-7,0
ATCTACTCATGTCTCC-7,2
ATCTACTTCGGCGCAT-7,1
ATCTGCCGTAGCCTAT-7,0
ATGAGGGAGATGCGAC-7,0
ATGAGGGTCAGCTGGC-7,0
ATGCGATAGGGATCTG-7,1
ATGGGAGCAGTAACGG-7,0
ATGGGAGCATCCCATC-7,1
ATGTGTGCATTACCTT-7,0
ATGTGTGGTGCAACTT-7,2
ATTACTCAGAGTCTGG-7,1
ATTACTCAGTGTACTC-7,0
ATTACTCGTTTGGCGC-7,2
ATTATCCCAAGCCGCT-7,2
ATTATCCGTTATCGGT-7,0
ATTATCCTCATTTGGG-7,0
ATTCTACGTTCCACGG-7,0
ATTCTACTCTAACTGG-7,0
ATTGGACGTTGAGTTC-7,0
ATTGGTGCAGCCTTTC-7,1
ATTGGTGGTCGAATCT-7,0
ATTGGTGTCATTCACT-7,1
ATTTCTGTCCAGATCA-7,3
CAACCAACACTGCCAG-7,0
CAACCTCCAAACCTAC-7,0
CAACCTCGTAAAGTCA-7,0
CAACCTCTCCGCGTTT-7,1
CAACTAGAGATGTCGG-7,0
CAACTAGGTAAGGGAA-7,0
CAACTAGGTGAGTGAC-7,1
CAACTAGTCCTAAGTG-7,0
CAAGGCCGTCAGAGGT-7,1
CAAGGCCTCGCCAGCA-7,0
CAAGTTGAGATCTGAA-7,0
CAAGTTGTCTACCTGC-7,0
CAAGTTGTCTTGGGTA-7,0
CACAAACGTTAAGGGC-7,0
CACAAACTCAGTTTGG-7,0
CACACAACAAACTGTC-7,1
CACACAACATCTCCCA-7,1
CACACCTTCGACAGCC-7,0
CACACTCGTAAAGTCA-7,0
CACAGGCCATCACGTA-7,2
CACAGGCGTATATGAG-7,0
CACAGTAGTAATAGCA-7,1
CACATAGAGCTTCGCG-7,1
CACATTTAGGACTGGT-7,1
CACATTTCACAGATTC-7,0
CACATTTCACCAGGTC-7,0
CACCACTCAGATGGGT-7,0
CACCACTCATCCAACA-7,0
CACCACTTCGAGAGCA-7,0
CACCTTGCAATCCAAC-7,1
CACCTTGTCCGTAGGC-7,0
CACTCCACACTTACGA-7,3
CACTCCATCCCTGACT-7,0
CACTCCATCCTGTAGA-7,0
CAGAATCGTCTTCAAG-7,0
CAGAATCTCTAACTGG-7,0
CAGAGAGTCCAGGGCT-7,1
CAGATCAAGGAGTAGA-7,0
CAGATCACACAACTGT-7,3
CAGATCACAGGGATTG-7,2
CAGATCACATTCACTT-7,1
CAGCAGCAGGTTCCTA-7,0
CAGCAGCAGTCTTGCA-7,1
CAGCAGCCAAGCGATG-7,1
CAGCAGCTCGTCACGG-7,1
CAGCATACAACTGGCC-7,1
CAGCATATCACAAACC-7,0
CAGCATATCTAACTTC-7,0
CAGCATATCTCATTCA-7,1
CAGCCGACAGCATACT-7,0
CAGCCGACAGCTGTAT-7,0
CAGCCGACATTCTTAC-7,1
CAGCGACTCAGTTAGC-7,0
CAGCGACTCTAACCGA-7,1
CAGCTGGAGATATGCA-7,1
CAGCTGGCAGGGCATA-7,0
CAGCTGGGTAAATGAC-7,1
CAGCTGGGTAATCACC-7,0
CAGCTGGTCACTGGGC-7,1
CAGGTGCGTACCGGCT-7,0
CAGTCCTAGGCTAGGT-7,0
CATATGGCATTGGCGC-7,1
CATATTCCAATCCGAT-7,2
CATCAAGCAAAGGTGC-7,1
CATCAAGGTAACGCGA-7,0
CATCAAGGTCAAAGAT-7,0
CATCAAGGTTGGTTTG-7,0
CATCAGACAGGCGATA-7,1
CATCAGACAGGTGCCT-7,0
CATCAGATCAATACCG-7,0
CATCCACCAAGGACAC-7,2
CATCCACCACGCATCG-7,0
CATCCACCATATGAGA-7,0
CATCCACTCGCCTGTT-7,1
CATCGAAAGACCCACC-7,0
CATCGAATCATTGCGA-7,2
CATCGAATCCGTACAA-7,0
CATCGGGGTTCGTCTC-7,1
CATCGGGTCCAGGGCT-7,2
CATGACACAACTGGCC-7,0
CATGACATCAACGCTA-7,0
CATGCCTCATACGCCG-7,1
CATGCCTGTATTACCG-7,0
CATGGCGAGACTGTAA-7,0
CATGGCGCAATGTAAG-7,1
CATTATCAGGATGCGT-7,1
CATTCGCAGACTACAA-7,0
CATTCGCAGCTATGCT-7,0
CATTCGCGTCTCTTTA-7,1
CATTCGCGTGACAAAT-7,0
CATTCGCGTTTCGCTC-7,0
CCAATCCGTCGCCATG-7,1
CCACCTATCTGTCCGT-7,1
CCACGGAAGCCACTAT-7,0
CCACGGACAGTCTTCC-7,1
CCACTACCAAGCCTAT-7,0
CCACTACCAAGGTGTG-7,0
CCACTACCAATTGCTG-7,0
CCACTACTCATCTGTT-7,0
CCATTCGCATAAGACA-7,1
CCATTCGTCTGGCGAC-7,0
CCCAGTTCACTAGTAC-7,0
CCCAGTTCACTCAGGC-7,1
CCCAGTTTCTGCCCTA-7,0
CCCTCCTGTGCTTCTC-7,1
CCCTCCTTCACCCTCA-7,1
CCCTCCTTCCACTCCA-7,0
CCGGGATTCATGTCTT-7,1
CCGGTAGAGCTTATCG-7,2
CCGGTAGCACCTTGTC-7,1
CCGTACTAGGCCATAG-7,2
CCGTACTCAAAGTGCG-7,1
CCGTACTCACGCGAAA-7,0
CCGTACTTCGGAGGTA-7,1
CCGTGGAGTAAAGGAG-7,0
CCGTTCATCAATACCG-7,0
CCTAAAGAGAAGGGTA-7,0
CCTACACCAATGAATG-7,0
CCTACACCAGTTTACG-7,0
CCTACACTCAAACGGG-7,0
CCTACCAAGGCGCTCT-7,0
CCTAGCTAGCTAGTTC-7,1
CCTAGCTAGGTAGCTG-7,2
CCTAGCTGTGATGCCC-7,0
CCTAGCTGTTAGTGGG-7,0
CCTATTACAGCTCGAC-7,0
CCTCAGTAGACTGTAA-7,0
CCTCAGTGTACGCACC-7,1
CCTCAGTGTATATGGA-7,1
CCTCAGTTCGCCAAAT-7,0
CCTCAGTTCTGTCTCG-7,0
CCTCTGAGTGCGAAAC-7,0
CCTCTGATCACTGGGC-7,0
CCTTCGAAGTATCTCG-7,1
CCTTCGACACATCCGG-7,0
CCTTCGAGTGAAGGCT-7,0
CCTTTCTGTGCCTTGG-7,0
CCTTTCTTCACATACG-7,1
CGAACATCACGGCCAT-7,0
CGAACATTCAACGAAA-7,0
CGAACATTCCGCGGTA-7,0
CGAATGTCAGCTTCGG-7,0
CGAATGTGTGTTCGAT-7,0
CGAATGTTCAACACTG-7,0
CGACCTTAGACGCAAC-7,2
CGACCTTAGCGTAATA-7,0
CGACCTTAGGAGCGAG-7,0
CGACTTCAGCTACCTA-7,0
CGACTTCTCGTGGGAA-7,1
CGAGAAGAGAAACGCC-7,0
CGAGAAGAGCATGGCA-7,0
CGAGAAGAGTGACTCT-7,0
CGAGAAGGTGTAAGTA-7,0
CGAGCCAAGTATCTCG-7,0
CGATCGGTCGGTCTAA-7,0
CGATGGCCAAAGAATC-7,0
CGATGTAAGTGTCCCG-7,0
CGATGTACAACTTGAC-7,1
CGATTGACAATGAAAC-7,0
CGATTGACATATGAGA-7,2
CGATTGACATTCTCAT-7,0
CGCCAAGCAGCGAACA-7,1
CGCGGTAAGTAAGTAC-7,0
CGCGGTAAGTTACGGG-7,0
CGCGTTTAGACTAGGC-7,0
CGCGTTTCAGCCAGAA-7,0
CGCTATCAGGTGCACA-7,0
CGCTATCAGTAGGTGC-7,1
CGCTATCCACATGACT-7,1
CGCTATCGTGACTACT-7,0
CGCTGGAAGCTAGCCC-7,1
CGCTGGACATTACGAC-7,1
CGCTGGAGTAGAGCTG-7,1
CGCTTCAAGCCCAATT-7,1
CGCTTCACATTGTGCA-7,0
CGCTTCAGTTCGGCAC-7,0
CGGACACAGACTAGGC-7,2
CGGACACTCGTCCGTT-7,2
CGGACGTGTCTTGATG-7,1
CGGACTGAGACCGGAT-7,0
CGGACTGGTCAGAAGC-7,1
CGGAGCTAGGTGACCA-7,1
CGGAGCTCAAACAACA-7,3
CGGAGCTCATCACAAC-7,1
CGGAGCTGTGACCAAG-7,1
CGGAGCTGTTCATGGT-7,0
CGGAGCTTCTCTAAGG-7,2
CGGAGTCAGCCAACAG-7,0
CGGAGTCGTTCTGGTA-7,1
CGGGTCAAGAGCTGGT-7,0
CGGTTAAAGTTAACGA-7,0
CGGTTAAGTAAGTGTA-7,0
CGGTTAATCAACACGT-7,1
CGTAGCGGTAGCTCCG-7,0
CGTCACTAGCCCTAAT-7,0
CGTCACTCATCTCCCA-7,0
CGTCAGGCATGCAACT-7,1
CGTCAGGTCATGTAGC-7,0
CGTCAGGTCATGTCTT-7,0
CGTCCATGTAGCAAAT-7,0
CGTCTACAGGTGTGGT-7,1
CGTCTACTCAGAAATG-7,0
CGTGAGCAGTCCCACG-7,0
CGTGAGCCACACCGAC-7,1
CGTGAGCTCCGAGCCA-7,1
CGTGTAAAGGCAAAGA-7,0
CGTGTAAGTATTAGCC-7,1
CGTGTCTAGAGGTAGA-7,0
CGTGTCTCATCCTTGC-7,0
CGTGTCTTCATGGTCA-7,0
CGTTAGAAGGACGAAA-7,0
CGTTAGACACCAGCAC-7,0
CGTTAGAGTACTCTCC-7,1
CGTTCTGAGGCAGTCA-7,0
CGTTCTGCATTCGACA-7,0
CGTTGGGAGAACAACT-7,0
CGTTGGGAGGATGGAA-7,1
CGTTGGGAGTGGCACA-7,0
CTAACTTAGATACACA-7,0
CTAACTTGTCGCTTCT-7,0
CTAACTTGTGTCAATC-7,0
CTAACTTGTTAAGAAC-7,0
CTAAGACAGACAAAGG-7,0
CTAAGACCAAAGAATC-7,0
CTAAGACTCATGTAGC-7,1
CTAATGGAGAGCCCAA-7,0
CTACACCAGCACCGCT-7,2
CTACATTCACATAACC-7,1
CTACCCAAGGAATTAC-7,0
CTACGTCTCGGACAAG-7,0
CTAGAGTAGCGTTTAC-7,1
CTAGAGTAGCTGATAA-7,1
CTAGAGTCACCGATAT-7,1
CTAGAGTTCTGTGCAA-7,0
CTAGCCTAGTAGCCGA-7,1
CTAGCCTCAGACAGGT-7,0
CTAGCCTCAGTAAGAT-7,1
CTAGCCTTCTGCGTAA-7,1
CTAGTGAAGATGTCGG-7,1
CTAGTGAGTCTCTTTA-7,0
CTAGTGATCAACGAAA-7,0
CTAGTGATCACGGTTA-7,0
CTAGTGATCCGCATAA-7,0
CTAGTGATCTGCGTAA-7,0
CTAGTGATCTTTACAC-7,0
CTCACACAGGTGACCA-7,0
CTCACACGTTAAGAAC-7,1
CTCAGAAGTGGCAAAC-7,0
CTCAGAATCAAGGCTT-7,0
CTCAGAATCCAGGGCT-7,1
CTCATTAGTACCCAAT-7,0
CTCCTAGAGGTCATCT-7,0
CTCCTAGGTATCAGTC-7,0
CTCCTAGGTGTAATGA-7,0
CTCCTAGGTTCGTCTC-7,0
CTCCTAGTCCGTAGGC-7,1
CTCGAAAGTTAGAACA-7,1
CTCGAAATCCTCGCAT-7,2
CTCGGAGCAGGCTGAA-7,1
CTCGGAGGTCTAGGTT-7,1
CTCGGGAAGTCTCAAC-7,1
CTCGGGAAGTGTTGAA-7,1
CTCGTACAGGAATCGC-7,1
CTCGTACAGGAGTTTA-7,0
CTCGTACGTAGCGTGA-7,0
CTCGTACGTAGGCATG-7,0
CTCGTACGTGAGTGAC-7,0
CTCGTCACAGCTCGAC-7,0
CTCGTCAGTCTAGGTT-7,0
CTCTAATCATACTCTT-7,1
CTCTAATTCAACCATG-7,0
CTCTACGCACGCGAAA-7,0
CTCTGGTAGGGAAACA-7,3
CTCTGGTCAATCTACG-7,0
CTCTGGTTCTCCGGTT-7,0
CTGAAACCAAGCTGAG-7,0
CTGAAGTGTACTTCTT-7,0
CTGATAGAGCTAAACA-7,0
CTGATAGCACCAGGCT-7,0
CTGATAGGTCTAGCGC-7,0
CTGATCCAGCTGTCTA-7,1
CTGATCCAGGATGGTC-7,0
CTGATCCAGTAGGCCA-7,2
CTGATCCGTGTCAATC-7,1
CTGCCTAAGGGCATGT-7,0
CTGCCTAGTGCTTCTC-7,0
CTGCGGAGTTACTGAC-7,0
CTGCGGATCTCGTTTA-7,0
CTGCTGTCATGGATGG-7,0
CTGCTGTGTGGGTCAA-7,0
CTGGTCTGTTAGGGTG-7,0
CTGTGCTAGTTTAGGA-7,1
CTGTGCTTCGCACTCT-7,1
CTGTTTAAGATCCCAT-7,1
CTGTTTACACGGTGTC-7,0
CTGTTTAGTCTGCCAG-7,0
CTTAACTCAGGAACGT-7,1
CTTACCGCAGAAGCAC-7,0
CTTACCGGTCGTGGCT-7,0
CTTACCGTCATCGCTC-7,0
CTTAGGACACGTTGGC-7,0
CTTCTCTAGAGTCTGG-7,0
CTTCTCTGTGCACCAC-7,0
CTTGGCTAGCGATTCT-7,0
CTTGGCTAGTATCGAA-7,1
CTTGGCTGTTATGCGT-7,0
GAAACTCAGGCTACGA-7,0
GAAACTCCAAACGCGA-7,0
GAAACTCGTCGCTTTC-7,1
GAAATGACACAGATTC-7,1
GAAATGACACTGTGTA-7,0
GAAATGAGTCCATCCT-7,1
GAACATCAGTGGGTTG-7,0
GAACATCGTGATGTGG-7,0
GAACATCGTTAAGGGC-7,0
GAACATCTCGGTGTCG-7,0
GAACCTACATGACATC-7,1
GAACCTAGTAATCACC-7,0
GAACCTAGTGCGAAAC-7,1
GAACGGAAGACTTTCG-7,0
GAACGGATCATCATTC-7,0
GAAGCAGGTAGTAGTA-7,1
GAAGCAGTCACCCGAG-7,0
GAAGCAGTCCTGTAGA-7,0
GAATAAGTCCCTAATT-7,0
GAATGAAAGGATCGCA-7,0
GAATGAAGTTGTGGCC-7,1
GACACGCAGCACGCCT-7,0
GACACGCCACCCTATC-7,0
GACAGAGAGACAGAGA-7,1
GACAGAGCACTATCTT-7,0
GACAGAGGTAACGTTC-7,0
GACCAATAGGATTCGG-7,0
GACCTGGTCTTGCCGT-7,0
GACGCGTAGGGTATCG-7,0
GACGCGTTCATTTGGG-7,2
GACGGCTCAATAACGA-7,1
GACGGCTCATCGACGC-7,0
GACGGCTTCTCGCATC-7,1
GACGTTAGTGTATGGG-7,1
GACTAACAGACTAGGC-7,1
GACTAACCATCGGAAG-7,0
GACTAACTCCTCTAGC-7,1
GACTACAGTTCCCGAG-7,0
GACTGCGGTTCATGGT-7,0
GAGCAGACAGATCCAT-7,0
GAGCAGACAGGGTATG-7,1
GAGCAGACATGGTTGT-7,0
GAGGTGAAGAAAGTGG-7,0
GAGTCCGAGCTAAACA-7,0
GATCAGTAGAATTGTG-7,1
GATCAGTGTGTGGTTT-7,1
GATCAGTGTGTTCGAT-7,1
GATCAGTGTTGAGTTC-7,0
GATCAGTTCATGGTCA-7,0
GATCGATAGGCTAGCA-7,0
GATCGATCACGACGAA-7,0
GATCGATGTTCCACAA-7,0
GATCGATTCACTGGGC-7,0
GATCGTAGTCGCGGTT-7,1
GATCGTATCACAAACC-7,1
GATCGTATCGGATGGA-7,1
GATCGTATCGTGGGAA-7,0
GATCTAGGTACCTACA-7,1
GATCTAGGTGACGGTA-7,1
GATCTAGTCTCCCTGA-7,2
GATCTAGTCTTACCGC-7,0
GATGCTAAGTAGGTGC-7,3
GATGCTAGTGGTGTAG-7,0
GATGCTATCATTGCGA-7,0
GATTCAGCACCTCGGA-7,2
GCAAACTTCAATACCG-7,1
GCAATCAAGATAGTCA-7,1
GCAATCACATCGGGTC-7,0
GCAATCATCGAATCCA-7,0
GCACATACATCAGTAC-7,3
GCACATAGTAACGACG-7,0
GCACATATCTGGCGAC-7,1
GCACTCTAGAAGGGTA-7,0
GCACTCTGTTAGGGTG-7,1
GCACTCTTCCTTTACA-7,0
GCACTCTTCGAGAGCA-7,1
GCAGCCAAGGCTCTTA-7,1
GCAGCCAAGGTAGCTG-7,0
GCAGCCACACGGCGTT-7,0
GCAGCCACAGTATAAG-7,1
GCAGCCACATACCATG-7,1
GCAGCCACATCACAAC-7,1
GCAGTTAAGCCAGTAG-7,1
GCAGTTAAGCGACGTA-7,1
GCAGTTAAGTGATCGG-7,0
GCAGTTACACTTCGAA-7,0
GCAGTTATCCTGTAGA-7,0
GCAGTTATCTTTAGGG-7,2
GCATGATGTGGTAACG-7,0
GCATGCGAGCAGGTCA-7,0
GCATGCGCAGATAATG-7,0
GCATGCGGTAGCGTCC-7,0
GCATGCGGTCCATCCT-7,1
GCATGTAGTTACCAGT-7,1
GCCAAATAGCCCTAAT-7,0
GCCAAATAGCTACCGC-7,0
GCCAAATCACACTGCG-7,1
GCCAAATGTAGATTAG-7,0
GCCAAATTCACTTACT-7,0
GCCAAATTCGCTAGCG-7,0
GCCTCTATCGGCGGTT-7,0
GCGAGAAAGCGGATCA-7,0
GCGAGAAGTTACCAGT-7,0
GCGAGAATCGATCCCT-7,1
GCGCAACCAAGCGTAG-7,0
GCGCAACGTAGCCTAT-7,0
GCGCAGTAGCCAGAAC-7,1
GCGCAGTCACATCCAA-7,0
GCGCAGTCACGCTTTC-7,2
GCGCAGTGTCGAATCT-7,0
GCGCCAAGTTTGTTGG-7,0
GCGCGATAGGACAGAA-7,1
GCGCGATCAGCCAATT-7,1
GCGCGATGTATTAGCC-7,0
GCGCGATTCAGAGACG-7,0
GCGCGATTCCCATTTA-7,0
GCGGGTTGTCTGGTCG-7,1
GCGGGTTTCGTGGACC-7,1
GCTCCTACAAGCCATT-7,0
GCTCTGTGTCCCTACT-7,1
GCTGCAGCAGCATACT-7,2
GCTGCGAAGTGTCTCA-7,1
GCTGCGACAATGACCT-7,2
GCTGCGACATTCCTCG-7,0
GCTGCTTAGGCTAGGT-7,0
GCTGCTTGTCGACTAT-7,2
GCTGCTTGTTATCACG-7,0
GCTGGGTCACCATCCT-7,1
GCTTCCATCCACTCCA-7,1
GCTTGAAAGACTAAGT-7,0
GCTTGAAGTGGTCTCG-7,0
GGAACTTAGGTGCAAC-7,1
GGAACTTTCATTATCC-7,1
GGAACTTTCCTGTACC-7,0
GGAATAATCCTATGTT-7,0
GGACAAGGTCCGTCAG-7,0
GGACAAGGTGGACGAT-7,0
GGACAAGTCTACGAGT-7,2
GGACAGAAGGGTTCCC-7,0
GGACAGAAGGTCGGAT-7,0
GGACAGACAGGATTGG-7,1
GGACATTTCCTAGTGA-7,1
GGACGTCAGATCCTGT-7,0
GGAGCAATCACCGGGT-7,0
GGATGTTGTTTCGCTC-7,1
GGATTACAGCTAGTTC-7,0
GGCAATTAGGGAAACA-7,0
GGCAATTGTCACCCAG-7,1
GGCCGATCACAGACAG-7,0
GGCCGATCACTGTGTA-7,0
GGCCGATCAGATAATG-7,0
GGCCGATCATACTCTT-7,0
GGCCGATGTAGCCTAT-7,0
GGCGACTAGGCACATG-7,0
GGCGTGTCACCCTATC-7,2
GGCGTGTTCTAGAGTC-7,1
GGCTCGACACGAAGCA-7,0
GGCTCGACACGGATAG-7,0
GGCTCGATCTTTCCTC-7,0
GGCTGGTCAGATCGGA-7,0
GGCTGGTGTAGCCTCG-7,0
GGCTGGTGTGGTAACG-7,0
GGGAATGGTCGCGGTT-7,3
GGGAATGGTCTAGGTT-7,1
GGGAATGGTCTCACCT-7,3
GGGAATGGTGCACCAC-7,0
GGGAATGTCTGTTTGT-7,2
GGGACCTAGAGTAAGG-7,1
GGGACCTCACTATCTT-7,0
GGGACCTTCGGCATCG-7,0
GGGAGATAGCCAGGAT-7,2
GGGAGATTCAGGTAAA-7,2
GGGAGATTCCGGGTGT-7,0
GGGATGACACTTCGAA-7,0
GGGATGATCTTGTATC-7,2
GGGCACTCATAGAAAC-7,1
GGGCACTGTACCGTAT-7,0
GGGCATCGTTACGGAG-7,1
GGGTCTGCATATGAGA-7,0
GGGTTGCAGCTAGGCA-7,0
GGGTTGCCAATCCGAT-7,0
GGGTTGCTCAAACCAC-7,1
GGTATTGAGTGGCACA-7,0
GGTATTGCAGTCGATT-7,2
GGTGAAGAGATGTGTA-7,1
GGTGTTACAAGCCATT-7,0
GGTGTTACACGAAACG-7,1
GGTGTTACATGGTCAT-7,0
GGTGTTATCACATAGC-7,0
GGTGTTATCTGAGTGT-7,1
GTAACGTAGCCGATTT-7,0
GTAACGTAGTCCATAC-7,0
GTAACGTAGTTCGATC-7,0
GTAACGTGTAATAGCA-7,0
GTAACGTGTACATGTC-7,0
GTAACGTTCACCTTAT-7,1
GTAACTGAGGTGCTAG-7,1
GTAACTGAGTACGATA-7,0
GTAACTGCAACTGCTA-7,0
GTAACTGCAGTTCATG-7,2
GTAACTGTCGCGCCAA-7,0
GTACGTAAGACATAAC-7,2
GTACGTAAGGTGATAT-7,0
GTACTTTGTGAGTATA-7,0
GTATCTTTCACTTACT-7,0
GTATTCTGTAAGGATT-7,1
GTCAAGTGTATAGTAG-7,0
GTCACAAGTCAATACC-7,1
GTCACAAGTGATAAGT-7,0
GTCACAATCGTCTGCT-7,0
GTCACGGGTAGCTGCC-7,3
GTCATTTGTGTGGTTT-7,0
GTCCTCAAGGGTATCG-7,0
GTCCTCAGTGAGGGAG-7,0
GTCCTCATCGTAGGTT-7,0
GTCGGGTAGGAGTACC-7,0
GTCGGGTCAAGGGTCA-7,0
GTCGGGTTCCGGCACA-7,0
GTCGTAACATTTCACT-7,1
GTCGTAAGTTAAGACA-7,0
GTCTCGTAGTGAAGTT-7,0
GTCTCGTGTCATATCG-7,1
GTCTCGTGTGATGTCT-7,0
GTCTCGTGTTGGACCC-7,0
GTGAAGGAGCCGGTAA-7,0
GTGCAGCAGGACACCA-7,1
GTGCAGCCATTCTCAT-7,2
GTGCATACACCAACCG-7,0
GTGCGGTCATCTACGA-7,0
GTGCGGTGTTAAGATG-7,1
GTGCTTCAGAAAGTGG-7,1
GTGCTTCCACCCATTC-7,0
GTGCTTCTCCAAATGC-7,0
GTGGGTCGTCAACTGT-7,1
GTGGGTCTCTGCTGCT-7,0
GTGTTAGTCCACTGGG-7,3
GTTAAGCCAGCGTTCG-7,1
GTTAAGCGTGTGCGTC-7,0
GTTAAGCTCAGTTAGC-7,0
GTTACAGCATGCCTTC-7,0
GTTACAGTCAAACCAC-7,0
GTTCATTAGAGAACAG-7,0
GTTCATTCAGAGCCAA-7,1
GTTCATTTCGTATCAG-7,0
GTTCGGGGTACCGGCT-7,3
GTTCGGGGTTAAGGGC-7,0
GTTCGGGTCCCACTTG-7,1
GTTCGGGTCTCGCATC-7,0
GTTCTCGCACGCATCG-7,1
GTTCTCGTCTGGTGTA-7,1
GTTTCTAAGAATGTTG-7,0
GTTTCTAAGCTGCAAG-7,2
TAAACCGAGAACTGTA-7,1
TAAACCGGTTACTGAC-7,0
TAAGCGTGTCTGCGGT-7,0
TAAGCGTTCGGAAATA-7,0
TAAGTGCGTTTAGGAA-7,0
TACACGAGTCCCGACA-7,0
TACACGAGTTGAGGTG-7,0
TACACGATCGGCCGAT-7,0
TACAGTGAGTTCGCGC-7,0
TACAGTGCAGGATCGA-7,0
TACAGTGGTCATCCCT-7,0
TACCTTACACGACTCG-7,0
TACCTTAGTCTACCTC-7,3
TACGGATAGGCTAGCA-7,1
TACGGATGTATCAGTC-7,1
TACGGATGTCTCATCC-7,1
TACGGGCAGACCGGAT-7,1
TACGGGCTCTCAAGTG-7,0
TACGGTATCTACCAGA-7,1
TACTCATAGTGGAGAA-7,1
TACTCATCAGTCTTCC-7,0
TACTCGCCAGCTCGCA-7,1
TACTCGCGTAAACGCG-7,0
TACTCGCTCACCTTAT-7,0
TACTTACCAAGTTAAG-7,0
TACTTACTCGGCATCG-7,0
TACTTGTAGATCGATA-7,0
TACTTGTCAAAGCGGT-7,0
TAGACCATCATCTGTT-7,1
TAGCCGGAGGATGGTC-7,1
TAGCCGGGTTACTGAC-7,0
TAGTGGTAGATGTGTA-7,1
TAGTGGTAGCTGCGAA-7,1
TAGTGGTGTAGGGACT-7,0
TAGTTGGCATGGATGG-7,0
TATCAGGCAAAGTGCG-7,0
TATCAGGCAAGTCTAC-7,1
TATCAGGGTGAAGGCT-7,0
TATCTCACAAGCCGCT-7,1
TATCTCACAGCGTCCA-7,0
TATCTCAGTGACGGTA-7,1
TATCTCATCACAACGT-7,0
TATCTCATCTATGTGG-7,0
TATGCCCAGGTAGCCA-7,0
TATGCCCCATTGGGCC-7,2
TATTACCCAGATGGCA-7,1
TATTACCTCGTTTAGG-7,0
TCAACGAAGCGGCTTC-7,0
TCAACGAAGTATCGAA-7,0
TCAACGACATCGACGC-7,0
TCAACGATCGGCTACG-7,0
TCAACGATCTATCCTA-7,1
TCAATCTAGCTGTTCA-7,0
TCAATCTCAGTCGATT-7,1
TCAATCTGTATAGTAG-7,1
TCAATCTTCCACTGGG-7,1
TCACGAACACGGTTTA-7,0
TCACGAATCTCGTATT-7,0
TCAGATGGTCGGATCC-7,0
TCAGCAACAGCGTTCG-7,0
TCAGCAAGTGGGTCAA-7,0
TCAGCTCAGCGCTTAT-7,0
TCAGCTCGTCATTAGC-7,1
TCAGCTCTCACCACCT-7,0
TCAGGATGTTCACCTC-7,0
TCAGGATTCAGCTCGG-7,0
TCAGGTACAAACTGTC-7,1
TCAGGTACACCGAAAG-7,2
TCAGGTATCGACAGCC-7,0
TCAGGTATCGCCTGAG-7,0
TCAGGTATCTAACTCT-7,0
TCAGGTATCTGGTGTA-7,1
TCATTACCAAGTAATG-7,1
TCATTACGTCTAACGT-7,0
TCATTACTCCGGCACA-7,0
TCATTTGAGATGCCAG-7,1
TCATTTGAGGCCCGTT-7,1
TCATTTGTCAGATAAG-7,1
TCATTTGTCTTCGAGA-7,0
TCCACACAGATCGGGT-7,1
TCCACACAGCCTTGAT-7,0
TCCACACTCTGACCTC-7,0
TCCCGATAGTGCGTGA-7,1
TCCCGATCAATGTTGC-7,0
TCCCGATCATTCACTT-7,1
TCCCGATGTTTCGCTC-7,0
TCCCGATTCCAAAGTC-7,0
TCGAGGCTCGTACCGG-7,1
TCGCGAGAGTTAACGA-7,1
TCGCGAGGTAATCGTC-7,1
TCGCGTTCACGCATCG-7,0
TCGGGACCATGGTCTA-7,1
TCGGGACTCTCTGAGA-7,1
TCGGTAAAGACTAGAT-7,1
TCGGTAAAGGACCACA-7,1
TCGGTAATCAACACCA-7,0
TCGGTAATCACCGTAA-7,0
TCGGTAATCTAACTCT-7,0
TCGTAGAAGCCACGTC-7,0
TCGTAGAGTACAGTGG-7,0
TCGTAGAGTGACAAAT-7,2
TCGTAGAGTTAGATGA-7,1
TCTATTGCACTTAAGC-7,0
TCTATTGCATGGAATA-7,0
TCTATTGGTCCTCTTG-7,1
TCTATTGTCACATGCA-7,1
TCTCTAAAGAGACTAT-7,0
TCTCTAAGTCTTGTCC-7,0
TCTCTAATCATGCATG-7,0
TCTGAGAAGCTCCTCT-7,0
TCTGAGAAGTAAGTAC-7,0
TCTGAGACAATCACAC-7,0
TCTGAGATCAAGCCTA-7,0
TCTGGAAGTGTAAGTA-7,0
TCTTCGGAGGATGTAT-7,0
TCTTCGGGTGCACCAC-7,0
TCTTTCCGTCTAGCCG-7,0
TGAAAGAAGCAAATCA-7,0
TGAAAGACAATACGCT-7,0
TGAAAGAGTGAGCGAT-7,1
TGACAACCATTGCGGC-7,0
TGACGGCGTTAAGTAG-7,0
TGACGGCTCAGGCGAA-7,0
TGACTAGAGTACATGA-7,0
TGACTAGCATGCTAGT-7,0
TGACTTTCATATGAGA-7,0
TGACTTTGTCTAGTCA-7,0
TGAGAGGCATCTCGCT-7,0
TGAGAGGCATGCCACG-7,1
TGAGAGGGTGTGCCTG-7,0
TGAGAGGTCACCCGAG-7,1
TGAGAGGTCTATCGCC-7,0
TGAGCATCAGCGTTCG-7,0
TGAGCATTCAAACAAG-7,0
TGAGCCGCAGCTTAAC-7,0
TGAGGGAAGACGCACA-7,0
TGAGGGACATAGAAAC-7,0
TGAGGGATCGTTGCCT-7,0
TGATTTCCACTGTGTA-7,0
TGATTTCCATTTCAGG-7,0
TGCACCTCACGAAACG-7,2
TGCACCTGTCCGTCAG-7,1
TGCCAAAGTCAGATAA-7,1
TGCCAAATCTTTCCTC-7,0
TGCCCTACAAGTAATG-7,0
TGCCCTAGTCTCGTTC-7,1
TGCCCTAGTGCAACGA-7,2
TGCGGGTTCAGGCCCA-7,1
TGCGGGTTCATGTGGT-7,1
TGCGTGGAGAAGGACA-7,0
TGCGTGGCAGCCTATA-7,1
TGCTACCAGCCCAATT-7,0
TGCTACCCAGCATGAG-7,0
TGCTACCGTTCATGGT-7,1
TGCTACCTCTCTAGGA-7,3
TGCTGCTGTCGCGGTT-7,0
TGGACGCGTATTAGCC-7,1
TGGCCAGAGTGAAGAG-7,0
TGGCCAGTCAGATAAG-7,2
TGGCGCAGTAGCGTAG-7,1
TGGCGCAGTGTGAAAT-7,0
TGGCTGGAGCGATAGC-7,0
TGGCTGGAGGATGGAA-7,0
TGGCTGGTCCGTACAA-7,0
TGGCTGGTCGAACTGT-7,0
TGGGCGTCATACAGCT-7,0
TGGGCGTCATATACCG-7,0
TGGTTAGAGCACACAG-7,1
TGGTTAGCAAGTAATG-7,1
TGGTTAGTCATCATTC-7,1
TGGTTAGTCTTATCTG-7,1
TGGTTCCCAAGAGGCT-7,0
TGGTTCCGTACTCGCG-7,1
TGGTTCCGTGAGGCTA-7,1
TGTATTCGTGTGTGCC-7,1
TGTCCCAAGACAAAGG-7,0
TGTCCCAAGCAGGCTA-7,1
TGTCCCAAGGGTGTTG-7,1
TGTCCCACACAGATTC-7,1
TGTCCCAGTACTTCTT-7,0
TGTCCCAGTGTGGCTC-7,0
TGTGGTACACCAACCG-7,2
TGTGGTACACGGTAAG-7,0
TGTGTTTAGACTAGGC-7,1
TGTGTTTGTCATATGC-7,3
TGTGTTTTCTTGTATC-7,1
TTAACTCAGTGAACGC-7,1
TTAACTCGTAAATGAC-7,0
TTAGGACGTTAAGTAG-7,0
TTAGTTCAGGAGTTGC-7,0
TTAGTTCCACTAAGTC-7,0
TTAGTTCGTACATCCA-7,0
TTAGTTCTCCGTCAAA-7,0
TTCCCAGAGCTGAACG-7,0
TTCCCAGAGGGCACTA-7,0
TTCGAAGCATCGGAAG-7,2
TTCGAAGTCGTCCAGG-7,0
TTCGGTCAGTCTCGGC-7,0
TTCGGTCTCGTGGGAA-7,1
TTCTACACAGCGATCC-7,0
TTCTACAGTAATAGCA-7,0
TTCTACAGTCAGAATA-7,0
TTCTCCTAGATCGGGT-7,1
TTCTCCTAGGGTGTTG-7,1
TTCTCCTCAGCCACCA-7,2
TTCTCCTCATCACCCT-7,1
TTGAACGAGATCGGGT-7,0
TTGACTTAGGACATTA-7,0
TTGACTTCAAGTTCTG-7,2
TTGACTTTCGGTTAAC-7,0
TTGCCGTCAAGGACTG-7,0
TTGCCGTCACGCTTTC-7,0
TTGCCGTGTGACTCAT-7,0
TTGCGTCGTAAACACA-7,1
TTGCGTCTCCAGTATG-7,3
TTGGAACAGTGCCAGA-7,0
TTGGAACCATGTTGAC-7,0
TTGGAACGTCTCTCTG-7,0
TTGGAACGTTAGAACA-7,0
TTGGCAATCAAACCGT-7,2
TTGTAGGGTGCATCTA-7,1
TTTACTGAGGCATGTG-7,0
TTTACTGAGGCGCTCT-7,1
TTTACTGGTTCTGTTT-7,0
TTTACTGTCCAAACAC-7,0
TTTATGCCAGGGTATG-7,0
TTTATGCCATTGGCGC-7,0
TTTGCGCAGCTAGGCA-7,1
TTTGGTTGTCTCGTTC-7,0
TTTGGTTGTTGCGCAC-7,0
TTTGGTTTCGTTACAG-7,1
